Workbook

Sheet ExpiryTable
A1: Month | B1: Expiry
A2: Jan | B2: 45674
A3: Feb | B3: 45709
A4: Mar | B4: 45737
A5: Apr | B5: 45764
A6: May | B6: 45793
A7: Jun | B7: 45828
A8: Jul | B8: 45856
A9: Aug | B9: 45884
A10: Sep | B10: 45919
A11: Oct | B11: 45947
A12: Nov | B12: 45982
A13: Dec | B13: 46010
... A15: Feb | B15: 46073

Sheet Call
A1: Date | B1: Underlying (SPX Spot) | C1: ATM Strike | D1: FrontExp | E1: NextExp | F1: TargetDTE | G1: DTE_F = FrontExp - Date | H1: DTE_N = NextExp - Date | I1: Weighted_Front | J1: Weighted_N | K1: Check | L1: Front Call Ticker | M1: Last | N1: Bid | O1: Ask | P1: Mid=(Bid+Ask)/2 | Q1: Delta | R1: IV | S1: Next Call Ticker | T1: Last | U1: Bid | V1: Ask | W1: Mid=(Bid+Ask)/2 | X1: Delta | Y1: IV | Z1: IV_30D | AA1: IV_30D(call+put)/2 | AB1: RF_1M | AC1: RF_1M/100 | AD1: T(30/365) | AE1: Call delta | AF1: Put delta | AG1: Straddle delta
A2: 45659 | B2: 5868.55 | C2: 5870 | D2: 45674 | E2: 45709 | F2: 30 | G2: 15 | H2: 50 | I2: 0.57142857 | J2: 0.42857143 | K2: OK | L2: SPX 1/17/25 C5870 Index | M2: 73.29 | N2: 74.9 | O2: 76.7 | P2: 75.8 | Q2: #N/A N/A | R2: 14.31 | S2: SPX 2/21/25 C5870 Index | T2: 143.02 | U2: 140.2 | V2: 142.2 | W2: 141.2 | X2: #N/A N/A | Y2: 14.373 | Z2: =I2*R2+Y2*J2 -> 14.337 | AA2: 0.14406214 | AB2: 4.2912 | AC2: =AB2/100 -> 0.042912 | AD2: =30/365 -> 0.082191781 | AE2: =_xlfn.NORM.S.DIST((LN(B2/C2)+(AC2+0.5*(AA2)^2)*(30/365))/(AA2*SQRT(30/365)),TRUE) -> 0.53985409 | AF2: =AE2-1 -> -0.46014591 | AG2: =AE2+AF2 -> 0.079708175
A3: 45660 | B3: 5942.47 | C3: 5940 | D3: 45674 | E3: 45709 | F3: 30 | G3: 14 | H3: 49 | I3: 0.54285714 | J3: 0.45714286 | K3: OK | L3: SPX 1/17/25 C5940 Index | M3: 58.55 | N3: 60.7 | O3: 62.4 | P3: 61.55 | Q3: #N/A N/A | R3: 12.103 | S3: SPX 2/21/25 C5940 Index | T3: 130.73 | U3: 127.9 | V3: 129.7 | W3: 128.8 | X3: #N/A N/A | Y3: 13.127 | Z3: =I3*R3+Y3*J3 -> 12.571114 | AA3: 0.12756243 | AB3: 4.2626 | AC3: =AB3/100 -> 0.042626 | AD3: =30/365 -> 0.082191781 | AE3: =_xlfn.NORM.S.DIST((LN(B3/C3)+(AC3+0.5*(AA3)^2)*(30/365))/(AA3*SQRT(30/365)),TRUE) -> 0.54991777 | AF3: =AE3-1 -> -0.45008223 | AG3: =AE3+AF3 -> 0.099835537
A4: 45663 | B4: 5975.38 | C4: 5975 | D4: 45674 | E4: 45709 | F4: 30 | G4: 11 | H4: 46 | I4: 0.45714286 | J4: 0.54285714 | K4: OK | L4: SPX 1/17/25 C5975 Index | M4: 58.3 | N4: 59.6 | O4: 60.9 | P4: 60.25 | Q4: #N/A N/A | R4: 12.246 | S4: SPX 2/21/25 C5975 Index | T4: 126.1 | U4: 127.2 | V4: 128.7 | W4: 127.95 | X4: #N/A N/A | Y4: 12.896 | Z4: =I4*R4+Y4*J4 -> 12.598857 | AA4: 0.12818171 | AB4: 4.3106 | AC4: =AB4/100 -> 0.043106 | AD4: =30/365 -> 0.082191781 | AE4: =_xlfn.NORM.S.DIST((LN(B4/C4)+(AC4+0.5*(AA4)^2)*(30/365))/(AA4*SQRT(30/365)),TRUE) -> 0.54637808 | AF4: =AE4-1 -> -0.45362192 | AG4: =AE4+AF4 -> 0.09275615
A5: 45664 | B5: 5909.03 | C5: 5910 | D5: 45674 | E5: 45709 | F5: 30 | G5: 10 | H5: 45 | I5: 0.42857143 | J5: 0.57142857 | K5: OK | L5: SPX 1/17/25 C5910 Index | M5: 61.5 | N5: 59.3 | O5: 60.6 | P5: 59.95 | Q5: #N/A N/A | R5: 14.436 | S5: SPX 2/21/25 C5910 Index | T5: 141.67 | U5: 130.6 | V5: 132.2 | W5: 131.4 | X5: #N/A N/A | Y5: 14.319 | Z5: =I5*R5+Y5*J5 -> 14.369143 | AA5: 0.14519857 | AB5: 4.3024 | AC5: =AB5/100 -> 0.043024 | AD5: =30/365 -> 0.082191781 | AE5: =_xlfn.NORM.S.DIST((LN(B5/C5)+(AC5+0.5*(AA5)^2)*(30/365))/(AA5*SQRT(30/365)),TRUE) -> 0.54055033 | AF5: =AE5-1 -> -0.45944967 | AG5: =AE5+AF5 -> 0.081100665
A6: 45665 | B6: 5918.25 | C6: 5920 | D6: 45674 | E6: 45709 | F6: 30 | G6: 9 | H6: 44 | I6: 0.4 | J6: 0.6 | K6: OK | L6: SPX 1/17/25 C5920 Index | M6: 52.5 | N6: 51.1 | O6: 53.1 | P6: 52.1 | Q6: #N/A N/A | R6: 14.503 | S6: SPX 2/21/25 C5920 Index | T6: 121.43 | U6: 122.9 | V6: 125.9 | W6: 124.4 | X6: #N/A N/A | Y6: 14.171 | Z6: =I6*R6+Y6*J6 -> 14.3038 | AA6: 0.144391 | AB6: 4.2942 | AC6: =AB6/100 -> 0.042942 | AD6: =30/365 -> 0.082191781 | AE6: =_xlfn.NORM.S.DIST((LN(B6/C6)+(AC6+0.5*(AA6)^2)*(30/365))/(AA6*SQRT(30/365)),TRUE) -> 0.53935856 | AF6: =AE6-1 -> -0.46064144 | AG6: =AE6+AF6 -> 0.078717115
A7: 45667 | B7: 5827.04 | C7: 5825 | D7: 45674 | E7: 45709 | F7: 30 | G7: 7 | H7: 42 | I7: 0.34285714 | J7: 0.65714286 | K7: OK | L7: SPX 1/17/25 C5825 Index | M7: 51.7 | N7: 52.2 | O7: 53 | P7: 52.6 | Q7: #N/A N/A | R7: 16.298 | S7: SPX 2/21/25 C5825 Index | T7: 135.5 | U7: 131.3 | V7: 132.7 | W7: 132 | X7: #N/A N/A | Y7: 15.64 | Z7: =I7*R7+Y7*J7 -> 15.8656 | AA7: 0.15886814 | AB7: 4.283 | AC7: =AB7/100 -> 0.04283 | AD7: =30/365 -> 0.082191781 | AE7: =_xlfn.NORM.S.DIST((LN(B7/C7)+(AC7+0.5*(AA7)^2)*(30/365))/(AA7*SQRT(30/365)),TRUE) -> 0.54290352 | AF7: =AE7-1 -> -0.45709648 | AG7: =AE7+AF7 -> 0.085807035
A8: 45670 | B8: 5836.22 | C8: 5835 | D8: 45674 | E8: 45709 | F8: 30 | G8: 4 | H8: 39 | I8: 0.25714286 | J8: 0.74285714 | K8: OK | L8: SPX 1/17/25 C5835 Index | M8: 49.2 | N8: 52.5 | O8: 53.3 | P8: 52.9 | Q8: #N/A N/A | R8: 16.767 | S8: SPX 2/21/25 C5835 Index | T8: #N/A N/A | U8: 131.5 | V8: 133.1 | W8: 132.3 | X8: #N/A N/A | Y8: 15.195 | Z8: =I8*R8+Y8*J8 -> 15.599229 | AA8: 0.15632429 | AB8: 4.3055 | AC8: =AB8/100 -> 0.043055 | AD8: =30/365 -> 0.082191781 | AE8: =_xlfn.NORM.S.DIST((LN(B8/C8)+(AC8+0.5*(AA8)^2)*(30/365))/(AA8*SQRT(30/365)),TRUE) -> 0.54222229 | AF8: =AE8-1 -> -0.45777771 | AG8: =AE8+AF8 -> 0.084444585
A9: 45671 | B9: 5842.91 | C9: 5845 | D9: 45674 | E9: 45709 | F9: 30 | G9: 3 | H9: 38 | I9: 0.22857143 | J9: 0.77142857 | K9: OK | L9: SPX 1/17/25 C5845 Index | M9: 49.18 | N9: 47.9 | O9: 49 | P9: 48.45 | Q9: #N/A N/A | R9: 17.26 | S9: SPX 2/21/25 C5845 Index | T9: 110.7 | U9: 127.7 | V9: 129.9 | W9: 128.8 | X9: #N/A N/A | Y9: 15.042 | Z9: =I9*R9+Y9*J9 -> 15.548971 | AA9: 0.15803971 | AB9: 4.2998 | AC9: =AB9/100 -> 0.042998 | AD9: =30/365 -> 0.082191781 | AE9: =_xlfn.NORM.S.DIST((LN(B9/C9)+(AC9+0.5*(AA9)^2)*(30/365))/(AA9*SQRT(30/365)),TRUE) -> 0.53695339 | AF9: =AE9-1 -> -0.46304661 | AG9: =AE9+AF9 -> 0.073906781
A10: 45672 | B10: 5949.91 | C10: 5950 | D10: 45674 | E10: 45709 | F10: 30 | G10: 2 | H10: 37 | I10: 0.2 | J10: 0.8 | K10: OK | L10: SPX 1/17/25 C5950 Index | M10: 23.52 | N10: 22.7 | O10: 23.6 | P10: 23.15 | Q10: #N/A N/A | R10: 11.536 | S10: SPX 2/21/25 C5950 Index | T10: 107 | U10: 106.8 | V10: 108.4 | W10: 107.6 | X10: #N/A N/A | Y10: 12.836 | Z10: =I10*R10+Y10*J10 -> 12.576 | AA10: 0.127208 | AB10: 4.2917 | AC10: =AB10/100 -> 0.042917 | AD10: =30/365 -> 0.082191781 | AE10: =_xlfn.NORM.S.DIST((LN(B10/C10)+(AC10+0.5*(AA10)^2)*(30/365))/(AA10*SQRT(30/365)),TRUE) -> 0.54559624 | AF10: =AE10-1 -> -0.45440376 | AG10: =AE10+AF10 -> 0.091192477
A11: 45673 | B11: 5937.34 | C11: 5935 | D11: 45674 | E11: 45709 | F11: 30 | G11: 1 | H11: 36 | I11: 0.17142857 | J11: 0.82857143 | K11: OK | L11: SPX 1/17/25 C5935 Index | M11: 11.37 | N11: 11.4 | O11: 12.6 | P11: 12 | Q11: #N/A N/A | R11: 10.444 | S11: SPX 2/21/25 C5935 Index | T11: 113.8 | U11: 104 | V11: 106.1 | W11: 105.05 | X11: #N/A N/A | Y11: 13.009 | Z11: =I11*R11+Y11*J11 -> 12.569286 | AA11: 0.12544929 | AB11: 4.2963 | AC11: =AB11/100 -> 0.042963 | AD11: =30/365 -> 0.082191781 | AE11: =_xlfn.NORM.S.DIST((LN(B11/C11)+(AC11+0.5*(AA11)^2)*(30/365))/(AA11*SQRT(30/365)),TRUE) -> 0.55058005 | AF11: =AE11-1 -> -0.44941995 | AG11: =AE11+AF11 -> 0.10116011
A12: 45674 | B12: 5996.66 | C12: 5995 | D12: 45709 | E12: 45737 | F12: 30 | G12: 35 | H12: 63 | I12: 1 | J12: 0 | K12: OK | L12: SPX 2/21/25 C5995 Index | M12: 103.5 | N12: 103.4 | O12: 105.1 | P12: 104.25 | Q12: #N/A N/A | R12: 12.862 | S12: SPX 3/21/25 C5995 Index | T12: #N/A N/A | U12: 148.8 | V12: 151.1 | W12: 149.95 | X12: #N/A N/A | Y12: 13.145 | Z12: =I12*R12+Y12*J12 -> 12.862 | AA12: 0.129615 | AB12: 4.3004 | AC12: =AB12/100 -> 0.043004 | AD12: =30/365 -> 0.082191781 | AE12: =_xlfn.NORM.S.DIST((LN(B12/C12)+(AC12+0.5*(AA12)^2)*(30/365))/(AA12*SQRT(30/365)),TRUE) -> 0.54821365 | AF12: =AE12-1 -> -0.45178635 | AG12: =AE12+AF12 -> 0.096427307
A13: 45678 | B13: 6049.24 | C13: 6050 | D13: 45709 | E13: 45737 | F13: 30 | G13: 31 | H13: 59 | I13: 1 | J13: 0 | K13: OK | L13: SPX 2/21/25 C6050 Index | M13: 92.42 | N13: 94.6 | O13: 97.6 | P13: 96.1 | Q13: #N/A N/A | R13: 11.612 | S13: SPX 3/21/25 C6050 Index | T13: 136.1 | U13: 141 | V13: 143.7 | W13: 142.35 | X13: #N/A N/A | Y13: 12.125 | Z13: =I13*R13+Y13*J13 -> 11.612 | AA13: 0.11738 | AB13: 4.2998 | AC13: =AB13/100 -> 0.042998 | AD13: =30/365 -> 0.082191781 | AE13: =_xlfn.NORM.S.DIST((LN(B13/C13)+(AC13+0.5*(AA13)^2)*(30/365))/(AA13*SQRT(30/365)),TRUE) -> 0.54701048 | AF13: =AE13-1 -> -0.45298952 | AG13: =AE13+AF13 -> 0.094020964
A14: 45679 | B14: 6086.37 | C14: 6085 | D14: 45709 | E14: 45737 | F14: 30 | G14: 30 | H14: 58 | I14: 1 | J14: 0 | K14: OK | L14: SPX 2/21/25 C6085 Index | M14: 91.24 | N14: 89 | O14: 90.4 | P14: 89.7 | Q14: #N/A N/A | R14: 11.413 | S14: SPX 3/21/25 C6085 Index | T14: 144.64 | U14: 137.1 | V14: 138.3 | W14: 137.7 | X14: #N/A N/A | Y14: 12.1 | Z14: =I14*R14+Y14*J14 -> 11.413 | AA14: 0.11523 | AB14: 4.3095 | AC14: =AB14/100 -> 0.043095 | AD14: =30/365 -> 0.082191781 | AE14: =_xlfn.NORM.S.DIST((LN(B14/C14)+(AC14+0.5*(AA14)^2)*(30/365))/(AA14*SQRT(30/365)),TRUE) -> 0.55193518 | AF14: =AE14-1 -> -0.44806482 | AG14: =AE14+AF14 -> 0.10387036
A15: 45680 | B15: 6118.71 | C15: 6120 | D15: 45709 | E15: 45737 | F15: 30 | G15: 29 | H15: 57 | I15: 0.96428571 | J15: 0.035714286 | K15: OK | L15: SPX 2/21/25 C6120 Index | M15: 83.15 | N15: 82.5 | O15: 84.3 | P15: 83.4 | Q15: #N/A N/A | R15: 11.283 | S15: SPX 3/21/25 C6120 Index | T15: 133.2 | U15: 124.9 | V15: 138.4 | W15: 131.65 | X15: #N/A N/A | Y15: 11.988 | Z15: =I15*R15+Y15*J15 -> 11.308179 | AA15: 0.11435089 | AB15: 4.309 | AC15: =AB15/100 -> 0.04309 | AD15: =30/365 -> 0.082191781 | AE15: =_xlfn.NORM.S.DIST((LN(B15/C15)+(AC15+0.5*(AA15)^2)*(30/365))/(AA15*SQRT(30/365)),TRUE) -> 0.54696343 | AF15: =AE15-1 -> -0.45303657 | AG15: =AE15+AF15 -> 0.093926863
A16: 45681 | B16: 6101.24 | C16: 6100 | D16: 45709 | E16: 45737 | F16: 30 | G16: 28 | H16: 56 | I16: 0.92857143 | J16: 0.071428571 | K16: OK | L16: SPX 2/21/25 C6100 Index | M16: 82.39 | N16: 82.9 | O16: 84 | P16: 83.45 | Q16: #N/A N/A | R16: 11.35 | S16: SPX 3/21/25 C6100 Index | T16: 132.4 | U16: 131.7 | V16: 133 | W16: 132.35 | X16: #N/A N/A | Y16: 11.987 | Z16: =I16*R16+Y16*J16 -> 11.3955 | AA16: 0.11493 | AB16: 4.3187 | AC16: =AB16/100 -> 0.043187 | AD16: =30/365 -> 0.082191781 | AE16: =_xlfn.NORM.S.DIST((LN(B16/C16)+(AC16+0.5*(AA16)^2)*(30/365))/(AA16*SQRT(30/365)),TRUE) -> 0.55186425 | AF16: =AE16-1 -> -0.44813575 | AG16: =AE16+AF16 -> 0.10372851
A17: 45684 | B17: 6012.28 | C17: 6010 | D17: 45709 | E17: 45737 | F17: 30 | G17: 25 | H17: 53 | I17: 0.82142857 | J17: 0.17857143 | K17: OK | L17: SPX 2/21/25 C6010 Index | M17: 100.29 | N17: 99.7 | O17: 101.6 | P17: 100.65 | Q17: #N/A N/A | R17: 13.927 | S17: SPX 3/21/25 C6010 Index | T17: 149.5 | U17: 148.5 | V17: 150.3 | W17: 149.4 | X17: #N/A N/A | Y17: 13.841 | Z17: =I17*R17+Y17*J17 -> 13.911643 | AA17: 0.13904179 | AB17: 4.3233 | AC17: =AB17/100 -> 0.043233 | AD17: =30/365 -> 0.082191781 | AE17: =_xlfn.NORM.S.DIST((LN(B17/C17)+(AC17+0.5*(AA17)^2)*(30/365))/(AA17*SQRT(30/365)),TRUE) -> 0.54719936 | AF17: =AE17-1 -> -0.45280064 | AG17: =AE17+AF17 -> 0.094398713
A18: 45685 | B18: 6067.7 | C18: 6070 | D18: 45709 | E18: 45737 | F18: 30 | G18: 24 | H18: 52 | I18: 0.78571429 | J18: 0.21428571 | K18: OK | L18: SPX 2/21/25 C6070 Index | M18: 83.7 | N18: 80.1 | O18: 81.8 | P18: 80.95 | Q18: #N/A N/A | R18: 12.607 | S18: SPX 3/21/25 C6070 Index | T18: 131.1 | U18: 129.2 | V18: 130.7 | W18: 129.95 | X18: #N/A N/A | Y18: 12.847 | Z18: =I18*R18+Y18*J18 -> 12.658429 | AA18: 0.127045 | AB18: 4.3279 | AC18: =AB18/100 -> 0.043279 | AD18: =30/365 -> 0.082191781 | AE18: =_xlfn.NORM.S.DIST((LN(B18/C18)+(AC18+0.5*(AA18)^2)*(30/365))/(AA18*SQRT(30/365)),TRUE) -> 0.54199856 | AF18: =AE18-1 -> -0.45800144 | AG18: =AE18+AF18 -> 0.083997128
A19: 45686 | B19: 6039.31 | C19: 6040 | D19: 45709 | E19: 45737 | F19: 30 | G19: 23 | H19: 51 | I19: 0.75 | J19: 0.25 | K19: OK | L19: SPX 2/21/25 C6040 Index | M19: 87.9 | N19: 86.1 | O19: 90.5 | P19: 88.3 | Q19: #N/A N/A | R19: 12.91 | S19: SPX 3/21/25 C6040 Index | T19: 133.33 | U19: 136.4 | V19: 139.9 | W19: 138.15 | X19: #N/A N/A | Y19: 12.895 | Z19: =I19*R19+Y19*J19 -> 12.90625 | AA19: 0.13197125 | AB19: 4.3274 | AC19: =AB19/100 -> 0.043274 | AD19: =30/365 -> 0.082191781 | AE19: =_xlfn.NORM.S.DIST((LN(B19/C19)+(AC19+0.5*(AA19)^2)*(30/365))/(AA19*SQRT(30/365)),TRUE) -> 0.54375776 | AF19: =AE19-1 -> -0.45624224 | AG19: =AE19+AF19 -> 0.087515523
A20: 45687 | B20: 6071.17 | C20: 6070 | D20: 45709 | E20: 45737 | F20: 30 | G20: 22 | H20: 50 | I20: 0.71428571 | J20: 0.28571429 | K20: OK | L20: SPX 2/21/25 C6070 Index | M20: 81.2 | N20: 74.6 | O20: 80.1 | P20: 77.35 | Q20: #N/A N/A | R20: 12.291 | S20: SPX 3/21/25 C6070 Index | T20: 125 | U20: 126.1 | V20: 132.3 | W20: 129.2 | X20: #N/A N/A | Y20: 12.724 | Z20: =I20*R20+Y20*J20 -> 12.414714 | AA20: 0.12592214 | AB20: 4.3167 | AC20: =AB20/100 -> 0.043167 | AD20: =30/365 -> 0.082191781 | AE20: =_xlfn.NORM.S.DIST((LN(B20/C20)+(AC20+0.5*(AA20)^2)*(30/365))/(AA20*SQRT(30/365)),TRUE) -> 0.54841936 | AF20: =AE20-1 -> -0.45158064 | AG20: =AE20+AF20 -> 0.096838717
A21: 45688 | B21: 6040.53 | C21: 6040 | D21: 45709 | E21: 45737 | F21: 30 | G21: 21 | H21: 49 | I21: 0.67857143 | J21: 0.32142857 | K21: OK | L21: SPX 2/21/25 C6040 Index | M21: 81.02 | N21: 79.2 | O21: 81.2 | P21: 80.2 | Q21: #N/A N/A | R21: 13.331 | S21: SPX 3/21/25 C6040 Index | T21: 133.8 | U21: 130.5 | V21: 132.7 | W21: 131.6 | X21: #N/A N/A | Y21: 13.189 | Z21: =I21*R21+Y21*J21 -> 13.285357 | AA21: 0.13419786 | AB21: 4.283 | AC21: =AB21/100 -> 0.04283 | AD21: =30/365 -> 0.082191781 | AE21: =_xlfn.NORM.S.DIST((LN(B21/C21)+(AC21+0.5*(AA21)^2)*(30/365))/(AA21*SQRT(30/365)),TRUE) -> 0.54499122 | AF21: =AE21-1 -> -0.45500878 | AG21: =AE21+AF21 -> 0.089982442
A22: 45691 | B22: 5994.57 | C22: 5995 | D22: 45709 | E22: 45737 | F22: 30 | G22: 18 | H22: 46 | I22: 0.57142857 | J22: 0.42857143 | K22: OK | L22: SPX 2/21/25 C5995 Index | M22: 86.2 | N22: 103 | O22: 105.3 | P22: 104.15 | Q22: #N/A N/A | R22: 14.652 | S22: SPX 3/21/25 C5995 Index | T22: 142 | U22: 155.4 | V22: 157.6 | W22: 156.5 | X22: #N/A N/A | Y22: 14.118 | Z22: =I22*R22+Y22*J22 -> 14.423143 | AA22: 0.14871929 | AB22: 4.3157 | AC22: =AB22/100 -> 0.043157 | AD22: =30/365 -> 0.082191781 | AE22: =_xlfn.NORM.S.DIST((LN(B22/C22)+(AC22+0.5*(AA22)^2)*(30/365))/(AA22*SQRT(30/365)),TRUE) -> 0.54095148 | AF22: =AE22-1 -> -0.45904852 | AG22: =AE22+AF22 -> 0.081902967
A23: 45692 | B23: 6037.88 | C23: 6040 | D23: 45709 | E23: 45737 | F23: 30 | G23: 17 | H23: 45 | I23: 0.53571429 | J23: 0.46428571 | K23: OK | L23: SPX 2/21/25 C6040 Index | M23: 67.36 | N23: 63.8 | O23: 65.5 | P23: 64.65 | Q23: #N/A N/A | R23: 13.31 | S23: SPX 3/21/25 C6040 Index | T23: 127.29 | U23: 117 | V23: 118.5 | W23: 117.75 | X23: #N/A N/A | Y23: 13.315 | Z23: =I23*R23+Y23*J23 -> 13.312321 | AA23: 0.13462089 | AB23: 4.3075 | AC23: =AB23/100 -> 0.043075 | AD23: =30/365 -> 0.082191781 | AE23: =_xlfn.NORM.S.DIST((LN(B23/C23)+(AC23+0.5*(AA23)^2)*(30/365))/(AA23*SQRT(30/365)),TRUE) -> 0.54059573 | AF23: =AE23-1 -> -0.45940427 | AG23: =AE23+AF23 -> 0.08119145
A24: 45693 | B24: 6061.48 | C24: 6060 | D24: 45709 | E24: 45737 | F24: 30 | G24: 16 | H24: 44 | I24: 0.5 | J24: 0.5 | K24: OK | L24: SPX 2/21/25 C6060 Index | M24: 66.5 | N24: 68.2 | O24: 69.6 | P24: 68.9 | Q24: #N/A N/A | R24: 12.341 | S24: SPX 3/21/25 C6060 Index | T24: 118.2 | U24: 123.7 | V24: 125.1 | W24: 124.4 | X24: #N/A N/A | Y24: 12.752 | Z24: =I24*R24+Y24*J24 -> 12.5465 | AA24: 0.126805 | AB24: 4.2942 | AC24: =AB24/100 -> 0.042942 | AD24: =30/365 -> 0.082191781 | AE24: =_xlfn.NORM.S.DIST((LN(B24/C24)+(AC24+0.5*(AA24)^2)*(30/365))/(AA24*SQRT(30/365)),TRUE) -> 0.54854291 | AF24: =AE24-1 -> -0.45145709 | AG24: =AE24+AF24 -> 0.097085828
... A42: 45720 | B42: 5778.15 | C42: 5780 | D42: 45737 | E42: 45764 | F42: 30 | G42: 17 | H42: 44 | I42: 0.51851852 | J42: 0.48148148 | K42: OK | L42: SPX 3/21/25 C5780 Index | M42: 124.5 | N42: 130.3 | O42: 131.8 | P42: 131.05 | Q42: #N/A N/A | R42: 20.397 | S42: SPX 4/17/25 C5780 Index | T42: 184 | U42: 184.1 | V42: 186.3 | W42: 185.2 | X42: #N/A N/A | Y42: 18.267 | Z42: =I42*R42+Y42*J42 -> 19.371444 | AA42: 0.19487907 | AB42: 4.3177 | AC42: =AB42/100 -> 0.043177 | AD42: =30/365 -> 0.082191781 | AE42: =_xlfn.NORM.S.DIST((LN(B42/C42)+(AC42+0.5*(AA42)^2)*(30/365))/(AA42*SQRT(30/365)),TRUE) -> 0.53415709 | AF42: =AE42-1 -> -0.46584291 | AG42: =AE42+AF42 -> 0.068314175
A43: 45721 | B43: 5842.63 | C43: 5845 | D43: 45737 | E43: 45764 | F43: 30 | G43: 16 | H43: 43 | I43: 0.48148148 | J43: 0.51851852 | K43: OK | L43: SPX 3/21/25 C5845 Index | M43: 99 | N43: 97.4 | O43: 99.5 | P43: 98.45 | Q43: #N/A N/A | R43: 19.536 | S43: SPX 4/17/25 C5845 Index | T43: #N/A N/A | U43: 149.2 | V43: 152.1 | W43: 150.65 | X43: #N/A N/A | Y43: 17.212 | Z43: =I43*R43+Y43*J43 -> 18.330963 | AA43: 0.18432185 | AB43: 4.3044 | AC43: =AB43/100 -> 0.043044 | AD43: =30/365 -> 0.082191781 | AE43: =_xlfn.NORM.S.DIST((LN(B43/C43)+(AC43+0.5*(AA43)^2)*(30/365))/(AA43*SQRT(30/365)),TRUE) -> 0.53414633 | AF43: =AE43-1 -> -0.46585367 | AG43: =AE43+AF43 -> 0.068292661
A44: 45722 | B44: 5738.52 | C44: 5740 | D44: 45737 | E44: 45764 | F44: 30 | G44: 15 | H44: 42 | I44: 0.44444444 | J44: 0.55555556 | K44: OK | L44: SPX 3/21/25 C5740 Index | M44: 117 | N44: 119.1 | O44: 121.2 | P44: 120.15 | Q44: #N/A N/A | R44: 23.106 | S44: SPX 4/17/25 C5740 Index | T44: 169.8 | U44: 176.2 | V44: 178.4 | W44: 177.3 | X44: #N/A N/A | Y44: 19.884 | Z44: =I44*R44+Y44*J44 -> 21.316 | AA44: 0.21380444 | AB44: 4.3014 | AC44: =AB44/100 -> 0.043014 | AD44: =30/365 -> 0.082191781 | AE44: =_xlfn.NORM.S.DIST((LN(B44/C44)+(AC44+0.5*(AA44)^2)*(30/365))/(AA44*SQRT(30/365)),TRUE) -> 0.53351889 | AF44: =AE44-1 -> -0.46648111 | AG44: =AE44+AF44 -> 0.06703779
A45: 45723 | B45: 5770.2 | C45: 5770 | D45: 45737 | E45: 45764 | F45: 30 | G45: 14 | H45: 41 | I45: 0.40740741 | J45: 0.59259259 | K45: OK | L45: SPX 3/21/25 C5770 Index | M45: 97 | N45: 96 | O45: 97.5 | P45: 96.75 | Q45: #N/A N/A | R45: 21.178 | S45: SPX 4/17/25 C5770 Index | T45: 150.34 | U45: 153.4 | V45: 158 | W45: 155.7 | X45: #N/A N/A | Y45: 18.626 | Z45: =I45*R45+Y45*J45 -> 19.665704 | AA45: 0.19796278 | AB45: 4.2856 | AC45: =AB45/100 -> 0.042856 | AD45: =30/365 -> 0.082191781 | AE45: =_xlfn.NORM.S.DIST((LN(B45/C45)+(AC45+0.5*(AA45)^2)*(30/365))/(AA45*SQRT(30/365)),TRUE) -> 0.53627443 | AF45: =AE45-1 -> -0.46372557 | AG45: =AE45+AF45 -> 0.072548865
A46: 45726 | B46: 5614.56 | C46: 5615 | D46: 45737 | E46: 45764 | F46: 30 | G46: 11 | H46: 38 | I46: 0.2962963 | J46: 0.7037037 | K46: OK | L46: SPX 3/21/25 C5615 Index | M46: 104 | N46: 112.1 | O46: 114.2 | P46: 113.15 | Q46: #N/A N/A | R46: 25.489 | S46: SPX 4/17/25 C5615 Index | T46: 177.1 | U46: 177.2 | V46: 180 | W46: 178.6 | X46: #N/A N/A | Y46: 21.942 | Z46: =I46*R46+Y46*J46 -> 22.992963 | AA46: 0.22893074 | AB46: 4.2953 | AC46: =AB46/100 -> 0.042953 | AD46: =30/365 -> 0.082191781 | AE46: =_xlfn.NORM.S.DIST((LN(B46/C46)+(AC46+0.5*(AA46)^2)*(30/365))/(AA46*SQRT(30/365)),TRUE) -> 0.53403326 | AF46: =AE46-1 -> -0.46596674 | AG46: =AE46+AF46 -> 0.068066514
A47: 45727 | B47: 5572.07 | C47: 5570 | D47: 45737 | E47: 45764 | F47: 30 | G47: 10 | H47: 37 | I47: 0.25925926 | J47: 0.74074074 | K47: OK | L47: SPX 3/21/25 C5570 Index | M47: 118.99 | N47: 102.6 | O47: 104.5 | P47: 103.55 | Q47: #N/A N/A | R47: 25.683 | S47: SPX 4/17/25 C5570 Index | T47: 183.37 | U47: 172.3 | V47: 174.6 | W47: 173.45 | X47: #N/A N/A | Y47: 22.181 | Z47: =I47*R47+Y47*J47 -> 23.088926 | AA47: 0.23091056 | AB47: 4.2973 | AC47: =AB47/100 -> 0.042973 | AD47: =30/365 -> 0.082191781 | AE47: =_xlfn.NORM.S.DIST((LN(B47/C47)+(AC47+0.5*(AA47)^2)*(30/365))/(AA47*SQRT(30/365)),TRUE) -> 0.53667746 | AF47: =AE47-1 -> -0.46332254 | AG47: =AE47+AF47 -> 0.073354914
A48: 45728 | B48: 5599.3 | C48: 5600 | D48: 45737 | E48: 45764 | F48: 30 | G48: 9 | H48: 36 | I48: 0.22222222 | J48: 0.77777778 | K48: OK | L48: SPX 3/21/25 C5600 Index | M48: 83 | N48: 81.6 | O48: 83.3 | P48: 82.45 | Q48: #N/A N/A | R48: 22.739 | S48: SPX 4/17/25 C5600 Index | T48: 154 | U48: 152.7 | V48: 154.8 | W48: 153.75 | X48: #N/A N/A | Y48: 20.288 | Z48: =I48*R48+Y48*J48 -> 20.832667 | AA48: 0.20916611 | AB48: 4.2764 | AC48: =AB48/100 -> 0.042764 | AD48: =30/365 -> 0.082191781 | AE48: =_xlfn.NORM.S.DIST((LN(B48/C48)+(AC48+0.5*(AA48)^2)*(30/365))/(AA48*SQRT(30/365)),TRUE) -> 0.53447044 | AF48: =AE48-1 -> -0.46552956 | AG48: =AE48+AF48 -> 0.068940873
A49: 45729 | B49: 5521.52 | C49: 5520 | D49: 45737 | E49: 45764 | F49: 30 | G49: 8 | H49: 35 | I49: 0.18518519 | J49: 0.81481481 | K49: OK | L49: SPX 3/21/25 C5520 Index | M49: 87 | N49: 87.8 | O49: 89 | P49: 88.4 | Q49: #N/A N/A | R49: 23.371 | S49: SPX 4/17/25 C5520 Index | T49: 165.23 | U49: 165.6 | V49: 167.6 | W49: 166.6 | X49: #N/A N/A | Y49: 21.288 | Z49: =I49*R49+Y49*J49 -> 21.673741 | AA49: 0.21773444 | AB49: 4.281 | AC49: =AB49/100 -> 0.04281 | AD49: =30/365 -> 0.082191781 | AE49: =_xlfn.NORM.S.DIST((LN(B49/C49)+(AC49+0.5*(AA49)^2)*(30/365))/(AA49*SQRT(30/365)),TRUE) -> 0.53664696 | AF49: =AE49-1 -> -0.46335304 | AG49: =AE49+AF49 -> 0.073293917
A50: 45730 | B50: 5638.94 | C50: 5640 | D50: 45737 | E50: 45764 | F50: 30 | G50: 7 | H50: 34 | I50: 0.14814815 | J50: 0.85185185 | K50: OK | L50: SPX 3/21/25 C5640 Index | M50: 55.4 | N50: 55.1 | O50: 56.6 | P50: 55.85 | Q50: #N/A N/A | R50: 19.715 | S50: SPX 4/17/25 C5640 Index | T50: 137.8 | U50: 131 | V50: 133.5 | W50: 132.25 | X50: #N/A N/A | Y50: 18.547 | Z50: =I50*R50+Y50*J50 -> 18.720037 | AA50: 0.18848389 | AB50: 4.2856 | AC50: =AB50/100 -> 0.042856 | AD50: =30/365 -> 0.082191781 | AE50: =_xlfn.NORM.S.DIST((LN(B50/C50)+(AC50+0.5*(AA50)^2)*(30/365))/(AA50*SQRT(30/365)),TRUE) -> 0.53534997 | AF50: =AE50-1 -> -0.46465003 | AG50: =AE50+AF50 -> 0.070699948
A51: 45733 | B51: 5675.12 | C51: 5675 | D51: 45737 | E51: 45764 | F51: 30 | G51: 4 | H51: 31 | I51: 0.037037037 | J51: 0.96296296 | K51: OK | L51: SPX 3/21/25 C5675 Index | M51: 50.57 | N51: 51.3 | O51: 52.5 | P51: 51.9 | Q51: #N/A N/A | R51: 17.791 | S51: SPX 4/17/25 C5675 Index | T51: 140.03 | U51: 129.9 | V51: 131.7 | W51: 130.8 | X51: #N/A N/A | Y51: 17.511 | Z51: =I51*R51+Y51*J51 -> 17.52137 | AA51: 0.17533093 | AB51: 4.3029 | AC51: =AB51/100 -> 0.043029 | AD51: =30/365 -> 0.082191781 | AE51: =_xlfn.NORM.S.DIST((LN(B51/C51)+(AC51+0.5*(AA51)^2)*(30/365))/(AA51*SQRT(30/365)),TRUE) -> 0.53820482 | AF51: =AE51-1 -> -0.46179518 | AG51: =AE51+AF51 -> 0.07640964
A52: 45734 | B52: 5614.66 | C52: 5615 | D52: 45737 | E52: 45764 | F52: 30 | G52: 3 | H52: 30 | I52: 0 | J52: 1 | K52: OK | L52: SPX 3/21/25 C5615 Index | M52: 51.61 | N52: 48.1 | O52: 49.2 | P52: 48.65 | Q52: #N/A N/A | R52: 20.013 | S52: SPX 4/17/25 C5615 Index | T52: 134.73 | U52: 133.2 | V52: 134.9 | W52: 134.05 | X52: #N/A N/A | Y52: 18.692 | Z52: =I52*R52+Y52*J52 -> 18.692 | AA52: 0.18795 | AB52: 4.2973 | AC52: =AB52/100 -> 0.042973 | AD52: =30/365 -> 0.082191781 | AE52: =_xlfn.NORM.S.DIST((LN(B52/C52)+(AC52+0.5*(AA52)^2)*(30/365))/(AA52*SQRT(30/365)),TRUE) -> 0.5363996 | AF52: =AE52-1 -> -0.4636004 | AG52: =AE52+AF52 -> 0.072799197
A53: 45735 | B53: 5675.29 | C53: 5675 | D53: 45737 | E53: 45764 | F53: 30 | G53: 2 | H53: 29 | I53: 0 | J53: 1 | K53: OK | L53: SPX 3/21/25 C5675 Index | M53: 35.12 | N53: 31.8 | O53: 32.9 | P53: 32.35 | Q53: #N/A N/A | R53: 16.597 | S53: SPX 4/17/25 C5675 Index | T53: 122.86 | U53: 121.8 | V53: 123.9 | W53: 122.85 | X53: #N/A N/A | Y53: 17.229 | Z53: =I53*R53+Y53*J53 -> 17.229 | AA53: 0.172765 | AB53: 4.2917 | AC53: =AB53/100 -> 0.042917 | AD53: =30/365 -> 0.082191781 | AE53: =_xlfn.NORM.S.DIST((LN(B53/C53)+(AC53+0.5*(AA53)^2)*(30/365))/(AA53*SQRT(30/365)),TRUE) -> 0.53864255 | AF53: =AE53-1 -> -0.46135745 | AG53: =AE53+AF53 -> 0.07728509
A54: 45736 | B54: 5662.89 | C54: 5665 | D54: 45737 | E54: 45764 | F54: 30 | G54: 1 | H54: 28 | I54: 0 | J54: 1 | K54: OK | L54: SPX 3/21/25 C5665 Index | M54: 17.27 | N54: 16.4 | O54: 17.3 | P54: 16.85 | Q54: #N/A N/A | R54: 13.801 | S54: SPX 4/17/25 C5665 Index | T54: 124.8 | U54: 117.7 | V54: 119.3 | W54: 118.5 | X54: #N/A N/A | Y54: 17.188 | Z54: =I54*R54+Y54*J54 -> 17.188 | AA54: 0.17236 | AB54: 4.2861 | AC54: =AB54/100 -> 0.042861 | AD54: =30/365 -> 0.082191781 | AE54: =_xlfn.NORM.S.DIST((LN(B54/C54)+(AC54+0.5*(AA54)^2)*(30/365))/(AA54*SQRT(30/365)),TRUE) -> 0.53524443 | AF54: =AE54-1 -> -0.46475557 | AG54: =AE54+AF54 -> 0.070488866
A55: 45737 | B55: 5667.56 | C55: 5670 | D55: 45764 | E55: 45793 | F55: 30 | G55: 27 | H55: 56 | I55: 0.89655172 | J55: 0.10344828 | K55: OK | L55: SPX 4/17/25 C5670 Index | M55: 112.3 | N55: 111.8 | O55: 113.4 | P55: 112.6 | Q55: #N/A N/A | R55: 16.863 | S55: SPX 5/16/25 C5670 Index | T55: #N/A N/A | U55: 161.5 | V55: 163.1 | W55: 162.3 | X55: #N/A N/A | Y55: 16.475 | Z55: =I55*R55+Y55*J55 -> 16.822862 | AA55: 0.16874603 | AB55: 4.2753 | AC55: =AB55/100 -> 0.042753 | AD55: =30/365 -> 0.082191781 | AE55: =_xlfn.NORM.S.DIST((LN(B55/C55)+(AC55+0.5*(AA55)^2)*(30/365))/(AA55*SQRT(30/365)),TRUE) -> 0.53503266 | AF55: =AE55-1 -> -0.46496734 | AG55: =AE55+AF55 -> 0.070065322
A56: 45740 | B56: 5767.57 | C56: 5770 | D56: 45764 | E56: 45793 | F56: 30 | G56: 24 | H56: 53 | I56: 0.79310345 | J56: 0.20689655 | K56: OK | L56: SPX 4/17/25 C5770 Index | M56: 99.15 | N56: 94.5 | O56: 95.8 | P56: 95.15 | Q56: #N/A N/A | R56: 14.873 | S56: SPX 5/16/25 C5770 Index | T56: 149.91 | U56: 143.7 | V56: 145.2 | W56: 144.45 | X56: #N/A N/A | Y56: 14.876 | Z56: =I56*R56+Y56*J56 -> 14.873621 | AA56: 0.14914379 | AB56: 4.2825 | AC56: =AB56/100 -> 0.042825 | AD56: =30/365 -> 0.082191781 | AE56: =_xlfn.NORM.S.DIST((LN(B56/C56)+(AC56+0.5*(AA56)^2)*(30/365))/(AA56*SQRT(30/365)),TRUE) -> 0.53738496 | AF56: =AE56-1 -> -0.46261504 | AG56: =AE56+AF56 -> 0.07476993
A57: 45741 | B57: 5776.65 | C57: 5775 | D57: 45764 | E57: 45793 | F57: 30 | G57: 23 | H57: 52 | I57: 0.75862069 | J57: 0.24137931 | K57: OK | L57: SPX 4/17/25 C5775 Index | M57: 93.87 | N57: 98.6 | O57: 99.8 | P57: 99.2 | Q57: #N/A N/A | R57: 14.62 | S57: SPX 5/16/25 C5775 Index | T57: 139.6 | U57: 150 | V57: 151.5 | W57: 150.75 | X57: #N/A N/A | Y57: 14.821 | Z57: =I57*R57+Y57*J57 -> 14.668517 | AA57: 0.14754897 | AB57: 4.2896 | AC57: =AB57/100 -> 0.042896 | AD57: =30/365 -> 0.082191781 | AE57: =_xlfn.NORM.S.DIST((LN(B57/C57)+(AC57+0.5*(AA57)^2)*(30/365))/(AA57*SQRT(30/365)),TRUE) -> 0.54429165 | AF57: =AE57-1 -> -0.45570835 | AG57: =AE57+AF57 -> 0.088583302
A58: 45742 | B58: 5712.2 | C58: 5710 | D58: 45764 | E58: 45793 | F58: 30 | G58: 22 | H58: 51 | I58: 0.72413793 | J58: 0.27586207 | K58: OK | L58: SPX 4/17/25 C5710 Index | M58: 100.45 | N58: 96.6 | O58: 98.3 | P58: 97.45 | Q58: #N/A N/A | R58: 16.142 | S58: SPX 5/16/25 C5710 Index | T58: 173.19 | U58: 148.4 | V58: 150.2 | W58: 149.3 | X58: #N/A N/A | Y58: 15.803 | Z58: =I58*R58+Y58*J58 -> 16.048483 | AA58: 0.16108517 | AB58: 4.2891 | AC58: =AB58/100 -> 0.042891 | AD58: =30/365 -> 0.082191781 | AE58: =_xlfn.NORM.S.DIST((LN(B58/C58)+(AC58+0.5*(AA58)^2)*(30/365))/(AA58*SQRT(30/365)),TRUE) -> 0.54290987 | AF58: =AE58-1 -> -0.45709013 | AG58: =AE58+AF58 -> 0.085819735
A59: 45743 | B59: 5693.31 | C59: 5695 | D59: 45764 | E59: 45793 | F59: 30 | G59: 21 | H59: 50 | I59: 0.68965517 | J59: 0.31034483 | K59: OK | L59: SPX 4/17/25 C5695 Index | M59: 100.39 | N59: 97.4 | O59: 98.9 | P59: 98.15 | Q59: #N/A N/A | R59: 16.63 | S59: SPX 5/16/25 C5695 Index | T59: 149.72 | U59: 150 | V59: 151.6 | W59: 150.8 | X59: #N/A N/A | Y59: 16.097 | Z59: =I59*R59+Y59*J59 -> 16.464586 | AA59: 0.16572138 | AB59: 4.3065 | AC59: =AB59/100 -> 0.043065 | AD59: =30/365 -> 0.082191781 | AE59: =_xlfn.NORM.S.DIST((LN(B59/C59)+(AC59+0.5*(AA59)^2)*(30/365))/(AA59*SQRT(30/365)),TRUE) -> 0.53665463 | AF59: =AE59-1 -> -0.46334537 | AG59: =AE59+AF59 -> 0.073309252
A60: 45744 | B60: 5580.94 | C60: 5580 | D60: 45764 | E60: 45793 | F60: 30 | G60: 20 | H60: 49 | I60: 0.65517241 | J60: 0.34482759 | K60: OK | L60: SPX 4/17/25 C5580 Index | M60: 109.54 | N60: 97 | O60: 98.9 | P60: 97.95 | Q60: #N/A N/A | R60: 19.523 | S60: SPX 5/16/25 C5580 Index | T60: 166.82 | U60: 153 | V60: 154.8 | W60: 153.9 | X60: #N/A N/A | Y60: 18.439 | Z60: =I60*R60+Y60*J60 -> 19.149207 | AA60: 0.19184086 | AB60: 4.26 | AC60: =AB60/100 -> 0.0426 | AD60: =30/365 -> 0.082191781 | AE60: =_xlfn.NORM.S.DIST((LN(B60/C60)+(AC60+0.5*(AA60)^2)*(30/365))/(AA60*SQRT(30/365)),TRUE) -> 0.53753461 | AF60: =AE60-1 -> -0.46246539 | AG60: =AE60+AF60 -> 0.075069229
A61: 45747 | B61: 5611.85 | C61: 5610 | D61: 45764 | E61: 45793 | F61: 30 | G61: 17 | H61: 46 | I61: 0.55172414 | J61: 0.44827586 | K61: OK | L61: SPX 4/17/25 C5610 Index | M61: 109 | N61: 97.2 | O61: 98.9 | P61: 98.05 | Q61: #N/A N/A | R61: 19.387 | S61: SPX 5/16/25 C5610 Index | T61: 124.4 | U61: 153.6 | V61: 155.3 | W61: 154.45 | X61: #N/A N/A | Y61: 18.169 | Z61: =I61*R61+Y61*J61 -> 18.841 | AA61: 0.18832483 | AB61: 4.2978 | AC61: =AB61/100 -> 0.042978 | AD61: =30/365 -> 0.082191781 | AE61: =_xlfn.NORM.S.DIST((LN(B61/C61)+(AC61+0.5*(AA61)^2)*(30/365))/(AA61*SQRT(30/365)),TRUE) -> 0.53924377 | AF61: =AE61-1 -> -0.46075623 | AG61: =AE61+AF61 -> 0.078487532
A62: 45748 | B62: 5633.07 | C62: 5635 | D62: 45764 | E62: 45793 | F62: 30 | G62: 16 | H62: 45 | I62: 0.51724138 | J62: 0.48275862 | K62: OK | L62: SPX 4/17/25 C5635 Index | M62: 90.9 | N62: 95.3 | O62: 97.4 | P62: 96.35 | Q62: #N/A N/A | R62: 19.223 | S62: SPX 5/16/25 C5635 Index | T62: 153.9 | U62: 152 | V62: 154.3 | W62: 153.15 | X62: #N/A N/A | Y62: 17.801 | Z62: =I62*R62+Y62*J62 -> 18.536517 | AA62: 0.18690241 | AB62: 4.3075 | AC62: =AB62/100 -> 0.043075 | AD62: =30/365 -> 0.082191781 | AE62: =_xlfn.NORM.S.DIST((LN(B62/C62)+(AC62+0.5*(AA62)^2)*(30/365))/(AA62*SQRT(30/365)),TRUE) -> 0.53445426 | AF62: =AE62-1 -> -0.46554574 | AG62: =AE62+AF62 -> 0.068908511
A63: 45749 | B63: 5670.97 | C63: 5670 | D63: 45764 | E63: 45793 | F63: 30 | G63: 15 | H63: 44 | I63: 0.48275862 | J63: 0.51724138 | K63: OK | L63: SPX 4/17/25 C5670 Index | M63: 97.7 | N63: 41.7 | O63: 47.6 | P63: 44.65 | Q63: #N/A N/A | R63: 19.367 | S63: SPX 5/16/25 C5670 Index | T63: #N/A N/A | U63: 92 | V63: 102 | W63: 97 | X63: #N/A N/A | Y63: 17.634 | Z63: =I63*R63+Y63*J63 -> 18.470621 | AA63: 0.18502603 | AB63: 4.3019 | AC63: =AB63/100 -> 0.043019 | AD63: =30/365 -> 0.082191781 | AE63: =_xlfn.NORM.S.DIST((LN(B63/C63)+(AC63+0.5*(AA63)^2)*(30/365))/(AA63*SQRT(30/365)),TRUE) -> 0.53840008 | AF63: =AE63-1 -> -0.46159992 | AG63: =AE63+AF63 -> 0.076800159
A64: 45750 | B64: 5396.52 | C64: 5395 | D64: 45764 | E64: 45793 | F64: 30 | G64: 14 | H64: 43 | I64: 0.44827586 | J64: 0.55172414 | K64: OK | L64: SPX 4/17/25 C5395 Index | M64: 129.6 | N64: 114.8 | O64: 118.1 | P64: 116.45 | Q64: #N/A N/A | R64: 27.171 | S64: SPX 5/16/25 C5395 Index | T64: 203.85 | U64: 184.4 | V64: 187.9 | W64: 186.15 | X64: #N/A N/A | Y64: 24.101 | Z64: =I64*R64+Y64*J64 -> 25.477207 | AA64: 0.25583621 | AB64: 4.3014 | AC64: =AB64/100 -> 0.043014 | AD64: =30/365 -> 0.082191781 | AE64: =_xlfn.NORM.S.DIST((LN(B64/C64)+(AC64+0.5*(AA64)^2)*(30/365))/(AA64*SQRT(30/365)),TRUE) -> 0.53534595 | AF64: =AE64-1 -> -0.46465405 | AG64: =AE64+AF64 -> 0.070691892
A65: 45751 | B65: 5074.08 | C65: 5075 | D65: 45764 | E65: 45793 | F65: 30 | G65: 13 | H65: 42 | I65: 0.4137931 | J65: 0.5862069 | K65: OK | L65: SPX 4/17/25 C5075 Index | M65: 169.86 | N65: 169.6 | O65: 175.5 | P65: 172.55 | Q65: #N/A N/A | R65: 44.277 | S65: SPX 5/16/25 C5075 Index | T65: #N/A N/A | U65: 238 | V65: 247.8 | W65: 242.9 | X65: #N/A N/A | Y65: 34.15 | Z65: =I65*R65+Y65*J65 -> 38.340483 | AA65: 0.38442862 | AB65: 4.2728 | AC65: =AB65/100 -> 0.042728 | AD65: =30/365 -> 0.082191781 | AE65: =_xlfn.NORM.S.DIST((LN(B65/C65)+(AC65+0.5*(AA65)^2)*(30/365))/(AA65*SQRT(30/365)),TRUE) -> 0.53399886 | AF65: =AE65-1 -> -0.46600114 | AG65: =AE65+AF65 -> 0.067997728
A66: 45754 | B66: 5062.25 | C66: 5060 | D66: 45764 | E66: 45793 | F66: 30 | G66: 10 | H66: 39 | I66: 0.31034483 | J66: 0.68965517 | K66: OK | L66: SPX 4/17/25 C5060 Index | M66: 187.7 | N66: 192.7 | O66: 198.1 | P66: 195.4 | Q66: #N/A N/A | R66: 50.368 | S66: SPX 5/16/25 C5060 Index | T66: 241.28 | U66: 261.3 | V66: 267.5 | W66: 264.4 | X66: #N/A N/A | Y66: 35.945 | Z66: =I66*R66+Y66*J66 -> 40.421103 | AA66: 0.40649741 | AB66: 4.2978 | AC66: =AB66/100 -> 0.042978 | AD66: =30/365 -> 0.082191781 | AE66: =_xlfn.NORM.S.DIST((LN(B66/C66)+(AC66+0.5*(AA66)^2)*(30/365))/(AA66*SQRT(30/365)),TRUE) -> 0.53680809 | AF66: =AE66-1 -> -0.46319191 | AG66: =AE66+AF66 -> 0.073616173
A67: 45755 | B67: 4982.77 | C67: 4985 | D67: 45764 | E67: 45793 | F67: 30 | G67: 9 | H67: 38 | I67: 0.27586207 | J67: 0.72413793 | K67: OK | L67: SPX 4/17/25 C4985 Index | M67: 180.9 | N67: 177 | O67: 181.7 | P67: 179.35 | Q67: #N/A N/A | R67: 55.03 | S67: SPX 5/16/25 C4985 Index | T67: 261.1 | U67: 258.9 | V67: 264.3 | W67: 261.6 | X67: #N/A N/A | Y67: 39.449 | Z67: =I67*R67+Y67*J67 -> 43.747207 | AA67: 0.43813069 | AB67: 4.3075 | AC67: =AB67/100 -> 0.043075 | AD67: =30/365 -> 0.082191781 | AE67: =_xlfn.NORM.S.DIST((LN(B67/C67)+(AC67+0.5*(AA67)^2)*(30/365))/(AA67*SQRT(30/365)),TRUE) -> 0.53483435 | AF67: =AE67-1 -> -0.46516565 | AG67: =AE67+AF67 -> 0.06966871
A68: 45756 | B68: 5456.9 | C68: 5455 | D68: 45764 | E68: 45793 | F68: 30 | G68: 8 | H68: 37 | I68: 0.24137931 | J68: 0.75862069 | K68: OK | L68: SPX 4/17/25 C5455 Index | M68: 112.7 | N68: 121.9 | O68: 126.4 | P68: 124.15 | Q68: #N/A N/A | R68: 34.654 | S68: SPX 5/16/25 C5455 Index | T68: 140.41 | U68: 197.3 | V68: 203.3 | W68: 200.3 | X68: #N/A N/A | Y68: 25.926 | Z68: =I68*R68+Y68*J68 -> 28.032759 | AA68: 0.27597 | AB68: 4.2942 | AC68: =AB68/100 -> 0.042942 | AD68: =30/365 -> 0.082191781 | AE68: =_xlfn.NORM.S.DIST((LN(B68/C68)+(AC68+0.5*(AA68)^2)*(30/365))/(AA68*SQRT(30/365)),TRUE) -> 0.53528852 | AF68: =AE68-1 -> -0.46471148 | AG68: =AE68+AF68 -> 0.070577047
A69: 45757 | B69: 5268.05 | C69: 5270 | D69: 45764 | E69: 45793 | F69: 30 | G69: 7 | H69: 36 | I69: 0.20689655 | J69: 0.79310345 | K69: OK | L69: SPX 4/17/25 C5270 Index | M69: 125.8 | N69: 132.9 | O69: 139 | P69: 135.95 | Q69: #N/A N/A | R69: 46.581 | S69: SPX 5/16/25 C5270 Index | T69: 232.8 | U69: 226.6 | V69: 234.8 | W69: 230.7 | X69: #N/A N/A | Y69: 33.655 | Z69: =I69*R69+Y69*J69 -> 36.329345 | AA69: 0.36169672 | AB69: 4.2912 | AC69: =AB69/100 -> 0.042912 | AD69: =30/365 -> 0.082191781 | AE69: =_xlfn.NORM.S.DIST((LN(B69/C69)+(AC69+0.5*(AA69)^2)*(30/365))/(AA69*SQRT(30/365)),TRUE) -> 0.5327927 | AF69: =AE69-1 -> -0.4672073 | AG69: =AE69+AF69 -> 0.065585397
A70: 45758 | B70: 5363.36 | C70: 5365 | D70: 45764 | E70: 45793 | F70: 30 | G70: 6 | H70: 35 | I70: 0.17241379 | J70: 0.82758621 | K70: OK | L70: SPX 4/17/25 C5365 Index | M70: 104 | N70: 104.5 | O70: 107.4 | P70: 105.95 | Q70: #N/A N/A | R70: 39.954 | S70: SPX 5/16/25 C5365 Index | T70: 214.42 | U70: 210.8 | V70: 214.6 | W70: 212.7 | X70: #N/A N/A | Y70: 31.359 | Z70: =I70*R70+Y70*J70 -> 32.840897 | AA70: 0.32767569 | AB70: 4.2753 | AC70: =AB70/100 -> 0.042753 | AD70: =30/365 -> 0.082191781 | AE70: =_xlfn.NORM.S.DIST((LN(B70/C70)+(AC70+0.5*(AA70)^2)*(30/365))/(AA70*SQRT(30/365)),TRUE) -> 0.53232752 | AF70: =AE70-1 -> -0.46767248 | AG70: =AE70+AF70 -> 0.06465504
A71: 45761 | B71: 5405.97 | C71: 5405 | D71: 45764 | E71: 45793 | F71: 30 | G71: 3 | H71: 32 | I71: 0.068965517 | J71: 0.93103448 | K71: OK | L71: SPX 4/17/25 C5405 Index | M71: 60.97 | N71: 58.1 | O71: 60.2 | P71: 59.15 | Q71: #N/A N/A | R71: 26.62 | S71: SPX 5/16/25 C5405 Index | T71: 169 | U71: 170.3 | V71: 173.4 | W71: 171.85 | X71: #N/A N/A | Y71: 25.565 | Z71: =I71*R71+Y71*J71 -> 25.637759 | AA71: 0.25725017 | AB71: 4.285 | AC71: =AB71/100 -> 0.04285 | AD71: =30/365 -> 0.082191781 | AE71: =_xlfn.NORM.S.DIST((LN(B71/C71)+(AC71+0.5*(AA71)^2)*(30/365))/(AA71*SQRT(30/365)),TRUE) -> 0.53468919 | AF71: =AE71-1 -> -0.46531081 | AG71: =AE71+AF71 -> 0.069378375
A72: 45762 | B72: 5396.63 | C72: 5395 | D72: 45764 | E72: 45793 | F72: 30 | G72: 2 | H72: 31 | I72: 0.034482759 | J72: 0.96551724 | K72: OK | L72: SPX 4/17/25 C5395 Index | M72: 41.8 | N72: 37.9 | O72: 39.7 | P72: 38.8 | Q72: #N/A N/A | R72: 21.292 | S72: SPX 5/16/25 C5395 Index | T72: 165.8 | U72: 163.2 | V72: 165.1 | W72: 164.15 | X72: #N/A N/A | Y72: 24.755 | Z72: =I72*R72+Y72*J72 -> 24.635586 | AA72: 0.24702017 | AB72: 4.2896 | AC72: =AB72/100 -> 0.042896 | AD72: =30/365 -> 0.082191781 | AE72: =_xlfn.NORM.S.DIST((LN(B72/C72)+(AC72+0.5*(AA72)^2)*(30/365))/(AA72*SQRT(30/365)),TRUE) -> 0.53564178 | AF72: =AE72-1 -> -0.46435822 | AG72: =AE72+AF72 -> 0.071283568
A73: 45763 | B73: 5275.7 | C73: 5275 | D73: 45764 | E73: 45793 | F73: 30 | G73: 1 | H73: 30 | I73: 0 | J73: 1 | K73: OK | L73: SPX 4/17/25 C5275 Index | M73: 37.17 | N73: 28.9 | O73: 30.9 | P73: 29.9 | Q73: #N/A N/A | R73: 28.269 | S73: SPX 5/16/25 C5275 Index | T73: 176.76 | U73: 173 | V73: 176.5 | W73: 174.75 | X73: #N/A N/A | Y73: 27.847 | Z73: =I73*R73+Y73*J73 -> 27.847 | AA73: 0.27919 | AB73: 4.284 | AC73: =AB73/100 -> 0.04284 | AD73: =30/365 -> 0.082191781 | AE73: =_xlfn.NORM.S.DIST((LN(B73/C73)+(AC73+0.5*(AA73)^2)*(30/365))/(AA73*SQRT(30/365)),TRUE) -> 0.5341354 | AF73: =AE73-1 -> -0.4658646 | AG73: =AE73+AF73 -> 0.068270805
A74: 45764 | B74: 5282.7 | C74: 5285 | D74: 45793 | E74: 45828 | F74: 30 | G74: 29 | H74: 64 | I74: 0 | J74: 1 | K74: OK | L74: SPX 5/16/25 C5285 Index | M74: 168.4 | N74: 165.2 | O74: 168.2 | P74: 166.7 | Q74: #N/A N/A | R74: 26.012 | S74: SPX 6/20/25 C5285 Index | T74: 238.9 | U74: 237.1 | V74: 240.2 | W74: 238.65 | X74: #N/A N/A | Y74: 24.929 | Z74: =I74*R74+Y74*J74 -> 24.929 | AA74: 0.25081 | AB74: 4.2744 | AC74: =AB74/100 -> 0.042744 | AD74: =30/365 -> 0.082191781 | AE74: =_xlfn.NORM.S.DIST((LN(B74/C74)+(AC74+0.5*(AA74)^2)*(30/365))/(AA74*SQRT(30/365)),TRUE) -> 0.53138737 | AF74: =AE74-1 -> -0.46861263 | AG74: =AE74+AF74 -> 0.062774749
A75: 45768 | B75: 5158.2 | C75: 5160 | D75: 45793 | E75: 45828 | F75: 30 | G75: 25 | H75: 60 | I75: 0.85714286 | J75: 0.14285714 | K75: OK | L75: SPX 5/16/25 C5160 Index | M75: 166.69 | N75: 167.5 | O75: 169.6 | P75: 168.55 | Q75: #N/A N/A | R75: 29.085 | S75: SPX 6/20/25 C5160 Index | T75: 236.27 | U75: 238.8 | V75: 241 | W75: 239.9 | X75: #N/A N/A | Y75: 27.048 | Z75: =I75*R75+Y75*J75 -> 28.794 | AA75: 0.28958429 | AB75: 4.3004 | AC75: =AB75/100 -> 0.043004 | AD75: =30/365 -> 0.082191781 | AE75: =_xlfn.NORM.S.DIST((LN(B75/C75)+(AC75+0.5*(AA75)^2)*(30/365))/(AA75*SQRT(30/365)),TRUE) -> 0.53183463 | AF75: =AE75-1 -> -0.46816537 | AG75: =AE75+AF75 -> 0.063669255
A76: 45769 | B76: 5287.76 | C76: 5290 | D76: 45793 | E76: 45828 | F76: 30 | G76: 24 | H76: 59 | I76: 0.82857143 | J76: 0.17142857 | K76: OK | L76: SPX 5/16/25 C5290 Index | M76: 155.32 | N76: 151.2 | O76: 153.5 | P76: 152.35 | Q76: #N/A N/A | R76: 25.571 | S76: SPX 6/20/25 C5290 Index | T76: 228 | U76: 225.3 | V76: 227.6 | W76: 226.45 | X76: #N/A N/A | Y76: 25.241 | Z76: =I76*R76+Y76*J76 -> 25.514429 | AA76: 0.25571571 | AB76: 4.2667 | AC76: =AB76/100 -> 0.042667 | AD76: =30/365 -> 0.082191781 | AE76: =_xlfn.NORM.S.DIST((LN(B76/C76)+(AC76+0.5*(AA76)^2)*(30/365))/(AA76*SQRT(30/365)),TRUE) -> 0.53136991 | AF76: =AE76-1 -> -0.46863009 | AG76: =AE76+AF76 -> 0.062739821
A77: 45770 | B77: 5375.86 | C77: 5375 | D77: 45793 | E77: 45828 | F77: 30 | G77: 23 | H77: 58 | I77: 0.8 | J77: 0.2 | K77: OK | L77: SPX 5/16/25 C5375 Index | M77: 140 | N77: 143.8 | O77: 154.3 | P77: 149.05 | Q77: #N/A N/A | R77: 24.91 | S77: SPX 6/20/25 C5375 Index | T77: 221.2 | U77: 219.3 | V77: 229.5 | W77: 224.4 | X77: #N/A N/A | Y77: 23.973 | Z77: =I77*R77+Y77*J77 -> 24.7226 | AA77: 0.246937 | AB77: 4.2636 | AC77: =AB77/100 -> 0.042636 | AD77: =30/365 -> 0.082191781 | AE77: =_xlfn.NORM.S.DIST((LN(B77/C77)+(AC77+0.5*(AA77)^2)*(30/365))/(AA77*SQRT(30/365)),TRUE) -> 0.53472669 | AF77: =AE77-1 -> -0.46527331 | AG77: =AE77+AF77 -> 0.069453373
... A108: 45814 | B108: 6000.36 | C108: 6000 | D108: 45828 | E108: 45856 | F108: 30 | G108: 14 | H108: 42 | I108: 0.42857143 | J108: 0.57142857 | K108: OK | L108: SPX 6/20/25 C6000 Index | M108: 64.25 | N108: 64.4 | O108: 65.6 | P108: 65 | Q108: #N/A N/A | R108: 12.83 | S108: SPX 7/18/25 C6000 Index | T108: 132.8 | U108: 130.4 | V108: 131.8 | W108: 131.1 | X108: #N/A N/A | Y108: 14.313 | Z108: =I108*R108+Y108*J108 -> 13.677429 | AA108: 0.13782071 | AB108: 4.2192 | AC108: =AB108/100 -> 0.042192 | AD108: =30/365 -> 0.082191781 | AE108: =_xlfn.NORM.S.DIST((LN(B108/C108)+(AC108+0.5*(AA108)^2)*(30/365))/(AA108*SQRT(30/365)),TRUE) -> 0.54341508 | AF108: =AE108-1 -> -0.45658492 | AG108: =AE108+AF108 -> 0.086830168
A109: 45817 | B109: 6005.88 | C109: 6005 | D109: 45828 | E109: 45856 | F109: 30 | G109: 11 | H109: 39 | I109: 0.32142857 | J109: 0.67857143 | K109: OK | L109: SPX 6/20/25 C6005 Index | M109: 63 | N109: 58.6 | O109: 59.7 | P109: 59.15 | Q109: #N/A N/A | R109: 12.896 | S109: SPX 7/18/25 C6005 Index | T109: #N/A N/A | U109: 125 | V109: 126.3 | W109: 125.65 | X109: #N/A N/A | Y109: 14.371 | Z109: =I109*R109+Y109*J109 -> 13.896893 | AA109: 0.14002018 | AB109: 4.2391 | AC109: =AB109/100 -> 0.042391 | AD109: =30/365 -> 0.082191781 | AE109: =_xlfn.NORM.S.DIST((LN(B109/C109)+(AC109+0.5*(AA109)^2)*(30/365))/(AA109*SQRT(30/365)),TRUE) -> 0.54400036 | AF109: =AE109-1 -> -0.45599964 | AG109: =AE109+AF109 -> 0.088000719
A110: 45818 | B110: 6038.81 | C110: 6040 | D110: 45828 | E110: 45856 | F110: 30 | G110: 10 | H110: 38 | I110: 0.28571429 | J110: 0.71428571 | K110: OK | L110: SPX 6/20/25 C6040 Index | M110: 51.5 | N110: 51.5 | O110: 52.7 | P110: 52.1 | Q110: #N/A N/A | R110: 12.758 | S110: SPX 7/18/25 C6040 Index | T110: 120.26 | U110: 118.1 | V110: 119.4 | W110: 118.75 | X110: #N/A N/A | Y110: 14.159 | Z110: =I110*R110+Y110*J110 -> 13.758714 | AA110: 0.13830571 | AB110: 4.2284 | AC110: =AB110/100 -> 0.042284 | AD110: =30/365 -> 0.082191781 | AE110: =_xlfn.NORM.S.DIST((LN(B110/C110)+(AC110+0.5*(AA110)^2)*(30/365))/(AA110*SQRT(30/365)),TRUE) -> 0.5408224 | AF110: =AE110-1 -> -0.4591776 | AG110: =AE110+AF110 -> 0.081644799
A111: 45819 | B111: 6022.24 | C111: 6020 | D111: 45828 | E111: 45856 | F111: 30 | G111: 9 | H111: 37 | I111: 0.25 | J111: 0.75 | K111: OK | L111: SPX 6/20/25 C6020 Index | M111: 53.56 | N111: 53 | O111: 55.4 | P111: 54.2 | Q111: #N/A N/A | R111: 13.385 | S111: SPX 7/18/25 C6020 Index | T111: 121 | U111: 122.2 | V111: 124.8 | W111: 123.5 | X111: #N/A N/A | Y111: 14.562 | Z111: =I111*R111+Y111*J111 -> 14.26775 | AA111: 0.14329375 | AB111: 4.2407 | AC111: =AB111/100 -> 0.042407 | AD111: =30/365 -> 0.082191781 | AE111: =_xlfn.NORM.S.DIST((LN(B111/C111)+(AC111+0.5*(AA111)^2)*(30/365))/(AA111*SQRT(30/365)),TRUE) -> 0.5455559 | AF111: =AE111-1 -> -0.4544441 | AG111: =AE111+AF111 -> 0.091111809
A112: 45820 | B112: 6045.26 | C112: 6045 | D112: 45828 | E112: 45856 | F112: 30 | G112: 8 | H112: 36 | I112: 0.21428571 | J112: 0.78571429 | K112: OK | L112: SPX 6/20/25 C6045 Index | M112: 46 | N112: 44.6 | O112: 45.6 | P112: 45.1 | Q112: #N/A N/A | R112: 13.402 | S112: SPX 7/18/25 C6045 Index | T112: 104.9 | U112: 117.2 | V112: 118.5 | W112: 117.85 | X112: #N/A N/A | Y112: 14.706 | Z112: =I112*R112+Y112*J112 -> 14.426571 | AA112: 0.14583571 | AB112: 4.1867 | AC112: =AB112/100 -> 0.041867 | AD112: =30/365 -> 0.082191781 | AE112: =_xlfn.NORM.S.DIST((LN(B112/C112)+(AC112+0.5*(AA112)^2)*(30/365))/(AA112*SQRT(30/365)),TRUE) -> 0.54150969 | AF112: =AE112-1 -> -0.45849031 | AG112: =AE112+AF112 -> 0.083019386
A113: 45821 | B113: 5976.97 | C113: 5975 | D113: 45828 | E113: 45856 | F113: 30 | G113: 7 | H113: 35 | I113: 0.17857143 | J113: 0.82142857 | K113: OK | L113: SPX 6/20/25 C5975 Index | M113: 58.85 | N113: 54.1 | O113: 56.7 | P113: 55.4 | Q113: #N/A N/A | R113: 18.054 | S113: SPX 7/18/25 C5975 Index | T113: 130.02 | U113: 130.2 | V113: 134.8 | W113: 132.5 | X113: #N/A N/A | Y113: 16.82 | Z113: =I113*R113+Y113*J113 -> 17.040357 | AA113: 0.17113786 | AB113: 4.1809 | AC113: =AB113/100 -> 0.041809 | AD113: =30/365 -> 0.082191781 | AE113: =_xlfn.NORM.S.DIST((LN(B113/C113)+(AC113+0.5*(AA113)^2)*(30/365))/(AA113*SQRT(30/365)),TRUE) -> 0.54033963 | AF113: =AE113-1 -> -0.45966037 | AG113: =AE113+AF113 -> 0.080679263
A114: 45824 | B114: 6033.11 | C114: 6035 | D114: 45828 | E114: 45856 | F114: 30 | G114: 4 | H114: 32 | I114: 0.071428571 | J114: 0.92857143 | K114: OK | L114: SPX 6/20/25 C6035 Index | M114: 38.8 | N114: 35.8 | O114: 36.6 | P114: 36.2 | Q114: #N/A N/A | R114: 13.301 | S114: SPX 7/18/25 C6035 Index | T114: 114.6 | U114: 114.8 | V114: 116.3 | W114: 115.55 | X114: #N/A N/A | Y114: 14.846 | Z114: =I114*R114+Y114*J114 -> 14.735643 | AA114: 0.14859036 | AB114: 4.183 | AC114: =AB114/100 -> 0.04183 | AD114: =30/365 -> 0.082191781 | AE114: =_xlfn.NORM.S.DIST((LN(B114/C114)+(AC114+0.5*(AA114)^2)*(30/365))/(AA114*SQRT(30/365)),TRUE) -> 0.53770521 | AF114: =AE114-1 -> -0.46229479 | AG114: =AE114+AF114 -> 0.075410418
A115: 45825 | B115: 5982.72 | C115: 5985 | D115: 45828 | E115: 45856 | F115: 30 | G115: 3 | H115: 31 | I115: 0.035714286 | J115: 0.96428571 | K115: OK | L115: SPX 6/20/25 C5985 Index | M115: 42.82 | N115: 41.4 | O115: 42.6 | P115: 42 | Q115: #N/A N/A | R115: 19.561 | S115: SPX 7/18/25 C5985 Index | T115: 127.5 | U115: 124.3 | V115: 127 | W115: 125.65 | X115: #N/A N/A | Y115: 17.066 | Z115: =I115*R115+Y115*J115 -> 17.155107 | AA115: 0.17225393 | AB115: 4.1698 | AC115: =AB115/100 -> 0.041698 | AD115: =30/365 -> 0.082191781 | AE115: =_xlfn.NORM.S.DIST((LN(B115/C115)+(AC115+0.5*(AA115)^2)*(30/365))/(AA115*SQRT(30/365)),TRUE) -> 0.53441638 | AF115: =AE115-1 -> -0.46558362 | AG115: =AE115+AF115 -> 0.068832758
A116: 45826 | B116: 5980.87 | C116: 5980 | D116: 45828 | E116: 45856 | F116: 30 | G116: 2 | H116: 30 | I116: 0 | J116: 1 | K116: OK | L116: SPX 6/20/25 C5980 Index | M116: 28.13 | N116: 25.6 | O116: 27.4 | P116: 26.5 | Q116: #N/A N/A | R116: 16.097 | S116: SPX 7/18/25 C5980 Index | T116: 121.78 | U116: 120 | V116: 122.4 | W116: 121.2 | X116: #N/A N/A | Y116: 16.473 | Z116: =I116*R116+Y116*J116 -> 16.473 | AA116: 0.165295 | AB116: 4.1637 | AC116: =AB116/100 -> 0.041637 | AD116: =30/365 -> 0.082191781 | AE116: =_xlfn.NORM.S.DIST((LN(B116/C116)+(AC116+0.5*(AA116)^2)*(30/365))/(AA116*SQRT(30/365)),TRUE) -> 0.539423 | AF116: =AE116-1 -> -0.460577 | AG116: =AE116+AF116 -> 0.078846008
A117: 45828 | B117: 5967.84 | C117: 5970 | D117: 45856 | E117: 45884 | F117: 30 | G117: 28 | H117: 56 | I117: 0.92857143 | J117: 0.071428571 | K117: OK | L117: SPX 7/18/25 C5970 Index | M117: 118.2 | N117: 117 | O117: 119.3 | P117: 118.15 | Q117: #N/A N/A | R117: 16.457 | S117: SPX 8/15/25 C5970 Index | T117: 175.22 | U117: 174.7 | V117: 177.6 | W117: 176.15 | X117: #N/A N/A | Y117: 16.768 | Z117: =I117*R117+Y117*J117 -> 16.479214 | AA117: 0.16576286 | AB117: 4.1503 | AC117: =AB117/100 -> 0.041503 | AD117: =30/365 -> 0.082191781 | AE117: =_xlfn.NORM.S.DIST((LN(B117/C117)+(AC117+0.5*(AA117)^2)*(30/365))/(AA117*SQRT(30/365)),TRUE) -> 0.53503269 | AF117: =AE117-1 -> -0.46496731 | AG117: =AE117+AF117 -> 0.070065381
A118: 45831 | B118: 6025.17 | C118: 6025 | D118: 45856 | E118: 45884 | F118: 30 | G118: 25 | H118: 53 | I118: 0.82142857 | J118: 0.17857143 | K118: OK | L118: SPX 7/18/25 C6025 Index | M118: 103.27 | N118: 103.4 | O118: 104.7 | P118: 104.05 | Q118: #N/A N/A | R118: 14.997 | S118: SPX 8/15/25 C6025 Index | T118: 163.87 | U118: 162.4 | V118: 164.2 | W118: 163.3 | X118: #N/A N/A | Y118: 15.675 | Z118: =I118*R118+Y118*J118 -> 15.118071 | AA118: 0.15138089 | AB118: 4.1167 | AC118: =AB118/100 -> 0.041167 | AD118: =30/365 -> 0.082191781 | AE118: =_xlfn.NORM.S.DIST((LN(B118/C118)+(AC118+0.5*(AA118)^2)*(30/365))/(AA118*SQRT(30/365)),TRUE) -> 0.53995232 | AF118: =AE118-1 -> -0.46004768 | AG118: =AE118+AF118 -> 0.079904632
A119: 45832 | B119: 6092.18 | C119: 6090 | D119: 45856 | E119: 45884 | F119: 30 | G119: 24 | H119: 52 | I119: 0.78571429 | J119: 0.21428571 | K119: OK | L119: SPX 7/18/25 C6090 Index | M119: 95.6 | N119: 92.6 | O119: 93.8 | P119: 93.2 | Q119: #N/A N/A | R119: 13.546 | S119: SPX 8/15/25 C6090 Index | T119: 155.7 | U119: 149.9 | V119: 151.5 | W119: 150.7 | X119: #N/A N/A | Y119: 14.363 | Z119: =I119*R119+Y119*J119 -> 13.721071 | AA119: 0.13744286 | AB119: 4.1035 | AC119: =AB119/100 -> 0.041035 | AD119: =30/365 -> 0.082191781 | AE119: =_xlfn.NORM.S.DIST((LN(B119/C119)+(AC119+0.5*(AA119)^2)*(30/365))/(AA119*SQRT(30/365)),TRUE) -> 0.54553146 | AF119: =AE119-1 -> -0.45446854 | AG119: =AE119+AF119 -> 0.091062918
A120: 45833 | B120: 6092.16 | C120: 6090 | D120: 45856 | E120: 45884 | F120: 30 | G120: 23 | H120: 51 | I120: 0.75 | J120: 0.25 | K120: OK | L120: SPX 7/18/25 C6090 Index | M120: 89.9 | N120: 90.1 | O120: 91.6 | P120: 90.85 | Q120: #N/A N/A | R120: 13.243 | S120: SPX 8/15/25 C6090 Index | T120: 149 | U120: 148 | V120: 150.1 | W120: 149.05 | X120: #N/A N/A | Y120: 14.187 | Z120: =I120*R120+Y120*J120 -> 13.479 | AA120: 0.13573125 | AB120: 4.1055 | AC120: =AB120/100 -> 0.041055 | AD120: =30/365 -> 0.082191781 | AE120: =_xlfn.NORM.S.DIST((LN(B120/C120)+(AC120+0.5*(AA120)^2)*(30/365))/(AA120*SQRT(30/365)),TRUE) -> 0.5458907 | AF120: =AE120-1 -> -0.4541093 | AG120: =AE120+AF120 -> 0.091781397
A121: 45834 | B121: 6141.02 | C121: 6140 | D121: 45856 | E121: 45884 | F121: 30 | G121: 22 | H121: 50 | I121: 0.71428571 | J121: 0.28571429 | K121: OK | L121: SPX 7/18/25 C6140 Index | M121: 83.55 | N121: 85.6 | O121: 88.2 | P121: 86.9 | Q121: #N/A N/A | R121: 12.952 | S121: SPX 8/15/25 C6140 Index | T121: 146.65 | U121: 144.8 | V121: 148.2 | W121: 146.5 | X121: #N/A N/A | Y121: 13.986 | Z121: =I121*R121+Y121*J121 -> 13.247429 | AA121: 0.13306143 | AB121: 4.0898 | AC121: =AB121/100 -> 0.040898 | AD121: =30/365 -> 0.082191781 | AE121: =_xlfn.NORM.S.DIST((LN(B121/C121)+(AC121+0.5*(AA121)^2)*(30/365))/(AA121*SQRT(30/365)),TRUE) -> 0.54440833 | AF121: =AE121-1 -> -0.45559167 | AG121: =AE121+AF121 -> 0.088816659
... A139: 45861 | B139: 6358.91 | C139: 6360 | D139: 45884 | E139: 45919 | F139: 30 | G139: 23 | H139: 58 | I139: 0.8 | J139: 0.2 | K139: OK | L139: SPX 8/15/25 C6360 Index | M139: 87.55 | N139: 89.3 | O139: 90.7 | P139: 90 | Q139: #N/A N/A | R139: 11.806 | S139: SPX 9/19/25 C6360 Index | T139: 153.85 | U139: 157.6 | V139: 159.3 | W139: 158.45 | X139: #N/A N/A | Y139: 13.111 | Z139: =I139*R139+Y139*J139 -> 12.067 | AA139: 0.120937 | AB139: 4.2815 | AC139: =AB139/100 -> 0.042815 | AD139: =30/365 -> 0.082191781 | AE139: =_xlfn.NORM.S.DIST((LN(B139/C139)+(AC139+0.5*(AA139)^2)*(30/365))/(AA139*SQRT(30/365)),TRUE) -> 0.54533702 | AF139: =AE139-1 -> -0.45466298 | AG139: =AE139+AF139 -> 0.090674031
A140: 45862 | B140: 6363.35 | C140: 6365 | D140: 45884 | E140: 45919 | F140: 30 | G140: 22 | H140: 57 | I140: 0.77142857 | J140: 0.22857143 | K140: OK | L140: SPX 8/15/25 C6365 Index | M140: 86.01 | N140: 83.5 | O140: 84.8 | P140: 84.15 | Q140: #N/A N/A | R140: 11.712 | S140: SPX 9/19/25 C6365 Index | T140: #N/A N/A | U140: 152.2 | V140: 153.7 | W140: 152.95 | X140: #N/A N/A | Y140: 13.043 | Z140: =I140*R140+Y140*J140 -> 12.016229 | AA140: 0.120427 | AB140: 4.2835 | AC140: =AB140/100 -> 0.042835 | AD140: =30/365 -> 0.082191781 | AE140: =_xlfn.NORM.S.DIST((LN(B140/C140)+(AC140+0.5*(AA140)^2)*(30/365))/(AA140*SQRT(30/365)),TRUE) -> 0.54448015 | AF140: =AE140-1 -> -0.45551985 | AG140: =AE140+AF140 -> 0.088960301
A141: 45863 | B141: 6388.64 | C141: 6390 | D141: 45884 | E141: 45919 | F141: 30 | G141: 21 | H141: 56 | I141: 0.74285714 | J141: 0.25714286 | K141: OK | L141: SPX 8/15/25 C6390 Index | M141: 79.02 | N141: 77.1 | O141: 78.2 | P141: 77.65 | Q141: #N/A N/A | R141: 11.174 | S141: SPX 9/19/25 C6390 Index | T141: 148.09 | U141: 146.8 | V141: 148.3 | W141: 147.55 | X141: #N/A N/A | Y141: 12.732 | Z141: =I141*R141+Y141*J141 -> 11.574629 | AA141: 0.11601271 | AB141: 4.3111 | AC141: =AB141/100 -> 0.043111 | AD141: =30/365 -> 0.082191781 | AE141: =_xlfn.NORM.S.DIST((LN(B141/C141)+(AC141+0.5*(AA141)^2)*(30/365))/(AA141*SQRT(30/365)),TRUE) -> 0.54647734 | AF141: =AE141-1 -> -0.45352266 | AG141: =AE141+AF141 -> 0.092954681
A142: 45866 | B142: 6389.77 | C142: 6390 | D142: 45884 | E142: 45919 | F142: 30 | G142: 18 | H142: 53 | I142: 0.65714286 | J142: 0.34285714 | K142: OK | L142: SPX 8/15/25 C6390 Index | M142: 66.32 | N142: 70.2 | O142: 71.3 | P142: 70.75 | Q142: #N/A N/A | R142: 10.649 | S142: SPX 9/19/25 C6390 Index | T142: 139 | U142: 140 | V142: 141.3 | W142: 140.65 | X142: #N/A N/A | Y142: 12.38 | Z142: =I142*R142+Y142*J142 -> 11.242486 | AA142: 0.11344071 | AB142: 4.3259 | AC142: =AB142/100 -> 0.043259 | AD142: =30/365 -> 0.082191781 | AE142: =_xlfn.NORM.S.DIST((LN(B142/C142)+(AC142+0.5*(AA142)^2)*(30/365))/(AA142*SQRT(30/365)),TRUE) -> 0.54953239 | AF142: =AE142-1 -> -0.45046761 | AG142: =AE142+AF142 -> 0.099064787
A143: 45867 | B143: 6370.86 | C143: 6370 | D143: 45884 | E143: 45919 | F143: 30 | G143: 17 | H143: 52 | I143: 0.62857143 | J143: 0.37142857 | K143: OK | L143: SPX 8/15/25 C6370 Index | M143: 72 | N143: 71.2 | O143: 72.6 | P143: 71.9 | Q143: #N/A N/A | R143: 11.442 | S143: SPX 9/19/25 C6370 Index | T143: 143.6 | U143: 142.6 | V143: 144.4 | W143: 143.5 | X143: #N/A N/A | Y143: 12.994 | Z143: =I143*R143+Y143*J143 -> 12.018457 | AA143: 0.12053357 | AB143: 4.3254 | AC143: =AB143/100 -> 0.043254 | AD143: =30/365 -> 0.082191781 | AE143: =_xlfn.NORM.S.DIST((LN(B143/C143)+(AC143+0.5*(AA143)^2)*(30/365))/(AA143*SQRT(30/365)),TRUE) -> 0.54936809 | AF143: =AE143-1 -> -0.45063191 | AG143: =AE143+AF143 -> 0.098736175
A144: 45868 | B144: 6362.9 | C144: 6365 | D144: 45884 | E144: 45919 | F144: 30 | G144: 16 | H144: 51 | I144: 0.6 | J144: 0.4 | K144: OK | L144: SPX 8/15/25 C6365 Index | M144: 84.8 | N144: 84.5 | O144: 86.1 | P144: 85.3 | Q144: #N/A N/A | R144: 11.227 | S144: SPX 9/19/25 C6365 Index | T144: #N/A N/A | U144: 156.7 | V144: 158.8 | W144: 157.75 | X144: #N/A N/A | Y144: 12.928 | Z144: =I144*R144+Y144*J144 -> 11.9074 | AA144: 0.121955 | AB144: 4.3401 | AC144: =AB144/100 -> 0.043401 | AD144: =30/365 -> 0.082191781 | AE144: =_xlfn.NORM.S.DIST((LN(B144/C144)+(AC144+0.5*(AA144)^2)*(30/365))/(AA144*SQRT(30/365)),TRUE) -> 0.54382329 | AF144: =AE144-1 -> -0.45617671 | AG144: =AE144+AF144 -> 0.087646573
A145: 45869 | B145: 6339.39 | C145: 6340 | D145: 45884 | E145: 45919 | F145: 30 | G145: 15 | H145: 50 | I145: 0.57142857 | J145: 0.42857143 | K145: OK | L145: SPX 8/15/25 C6340 Index | M145: 80.3 | N145: 68 | O145: 69.6 | P145: 68.8 | Q145: #N/A N/A | R145: 12.288 | S145: SPX 9/19/25 C6340 Index | T145: 148.22 | U145: 140 | V145: 142.5 | W145: 141.25 | X145: #N/A N/A | Y145: 13.404 | Z145: =I145*R145+Y145*J145 -> 12.766286 | AA145: 0.12905857 | AB145: 4.3549 | AC145: =AB145/100 -> 0.043549 | AD145: =30/365 -> 0.082191781 | AE145: =_xlfn.NORM.S.DIST((LN(B145/C145)+(AC145+0.5*(AA145)^2)*(30/365))/(AA145*SQRT(30/365)),TRUE) -> 0.54484175 | AF145: =AE145-1 -> -0.45515825 | AG145: =AE145+AF145 -> 0.089683495
A146: 45870 | B146: 6238.01 | C146: 6240 | D146: 45884 | E146: 45919 | F146: 30 | G146: 14 | H146: 49 | I146: 0.54285714 | J146: 0.45714286 | K146: OK | L146: SPX 8/15/25 C6240 Index | M146: 85.25 | N146: 78.8 | O146: 80.1 | P146: 79.45 | Q146: #N/A N/A | R146: 15.935 | S146: SPX 9/19/25 C6240 Index | T146: 156.39 | U146: 153.7 | V146: 155.5 | W146: 154.6 | X146: #N/A N/A | Y146: 15.759 | Z146: =I146*R146+Y146*J146 -> 15.854543 | AA146: 0.158671 | AB146: 4.3238 | AC146: =AB146/100 -> 0.043238 | AD146: =30/365 -> 0.082191781 | AE146: =_xlfn.NORM.S.DIST((LN(B146/C146)+(AC146+0.5*(AA146)^2)*(30/365))/(AA146*SQRT(30/365)),TRUE) -> 0.53738848 | AF146: =AE146-1 -> -0.46261152 | AG146: =AE146+AF146 -> 0.074776958
A147: 45873 | B147: 6329.94 | C147: 6330 | D147: 45884 | E147: 45919 | F147: 30 | G147: 11 | H147: 46 | I147: 0.45714286 | J147: 0.54285714 | K147: OK | L147: SPX 8/15/25 C6330 Index | M147: 60.9 | N147: 67.3 | O147: 68.5 | P147: 67.9 | Q147: #N/A N/A | R147: 11.659 | S147: SPX 9/19/25 C6330 Index | T147: 132.35 | U147: 144.6 | V147: 146.3 | W147: 145.45 | X147: #N/A N/A | Y147: 13.41 | Z147: =I147*R147+Y147*J147 -> 12.609543 | AA147: 0.12947457 | AB147: 4.3616 | AC147: =AB147/100 -> 0.043616 | AD147: =30/365 -> 0.082191781 | AE147: =_xlfn.NORM.S.DIST((LN(B147/C147)+(AC147+0.5*(AA147)^2)*(30/365))/(AA147*SQRT(30/365)),TRUE) -> 0.54573054 | AF147: =AE147-1 -> -0.45426946 | AG147: =AE147+AF147 -> 0.091461072
A148: 45874 | B148: 6299.19 | C148: 6300 | D148: 45884 | E148: 45919 | F148: 30 | G148: 10 | H148: 45 | I148: 0.42857143 | J148: 0.57142857 | K148: OK | L148: SPX 8/15/25 C6300 Index | M148: 61 | N148: 59.7 | O148: 60.5 | P148: 60.1 | Q148: #N/A N/A | R148: 13.124 | S148: SPX 9/19/25 C6300 Index | T148: 139.4 | U148: 139 | V148: 140.2 | W148: 139.6 | X148: #N/A N/A | Y148: 14.246 | Z148: =I148*R148+Y148*J148 -> 13.765143 | AA148: 0.13744286 | AB148: 4.3509 | AC148: =AB148/100 -> 0.043509 | AD148: =30/365 -> 0.082191781 | AE148: =_xlfn.NORM.S.DIST((LN(B148/C148)+(AC148+0.5*(AA148)^2)*(30/365))/(AA148*SQRT(30/365)),TRUE) -> 0.54268238 | AF148: =AE148-1 -> -0.45731762 | AG148: =AE148+AF148 -> 0.085364763
A149: 45875 | B149: 6345.06 | C149: 6345 | D149: 45884 | E149: 45919 | F149: 30 | G149: 9 | H149: 44 | I149: 0.4 | J149: 0.6 | K149: OK | L149: SPX 8/15/25 C6345 Index | M149: 53.6 | N149: 51.4 | O149: 52.5 | P149: 51.95 | Q149: #N/A N/A | R149: 11.763 | S149: SPX 9/19/25 C6345 Index | T149: 133.9 | U149: 131.5 | V149: 133.2 | W149: 132.35 | X149: #N/A N/A | Y149: 13.436 | Z149: =I149*R149+Y149*J149 -> 12.7668 | AA149: 0.127876 | AB149: 4.3503 | AC149: =AB149/100 -> 0.043503 | AD149: =30/365 -> 0.082191781 | AE149: =_xlfn.NORM.S.DIST((LN(B149/C149)+(AC149+0.5*(AA149)^2)*(30/365))/(AA149*SQRT(30/365)),TRUE) -> 0.54622119 | AF149: =AE149-1 -> -0.45377881 | AG149: =AE149+AF149 -> 0.092442379
A150: 45876 | B150: 6340 | C150: 6340 | D150: 45884 | E150: 45919 | F150: 30 | G150: 8 | H150: 43 | I150: 0.37142857 | J150: 0.62857143 | K150: OK | L150: SPX 8/15/25 C6340 Index | M150: 53.62 | N150: 53.2 | O150: 54 | P150: 53.6 | Q150: #N/A N/A | R150: 12.251 | S150: SPX 9/19/25 C6340 Index | T150: 119.3 | U150: 134.5 | V150: 135.8 | W150: 135.15 | X150: #N/A N/A | Y150: 13.598 | Z150: =I150*R150+Y150*J150 -> 13.097686 | AA150: 0.13104371 | AB150: 4.332 | AC150: =AB150/100 -> 0.04332 | AD150: =30/365 -> 0.082191781 | AE150: =_xlfn.NORM.S.DIST((LN(B150/C150)+(AC150+0.5*(AA150)^2)*(30/365))/(AA150*SQRT(30/365)),TRUE) -> 0.54520588 | AF150: =AE150-1 -> -0.45479412 | AG150: =AE150+AF150 -> 0.090411762
A151: 45877 | B151: 6389.45 | C151: 6390 | D151: 45884 | E151: 45919 | F151: 30 | G151: 7 | H151: 42 | I151: 0.34285714 | J151: 0.65714286 | K151: OK | L151: SPX 8/15/25 C6390 Index | M151: 45 | N151: 44.7 | O151: 45.9 | P151: 45.3 | Q151: #N/A N/A | R151: 10.579 | S151: SPX 9/19/25 C6390 Index | T151: 120.2 | U151: 125.9 | V151: 127.6 | W151: 126.75 | X151: #N/A N/A | Y151: 12.559 | Z151: =I151*R151+Y151*J151 -> 11.880143 | AA151: 0.11959843 | AB151: 4.3238 | AC151: =AB151/100 -> 0.043238 | AD151: =30/365 -> 0.082191781 | AE151: =_xlfn.NORM.S.DIST((LN(B151/C151)+(AC151+0.5*(AA151)^2)*(30/365))/(AA151*SQRT(30/365)),TRUE) -> 0.54707707 | AF151: =AE151-1 -> -0.45292293 | AG151: =AE151+AF151 -> 0.094154146
A152: 45880 | B152: 6373.45 | C152: 6375 | D152: 45884 | E152: 45919 | F152: 30 | G152: 4 | H152: 39 | I152: 0.25714286 | J152: 0.74285714 | K152: OK | L152: SPX 8/15/25 C6375 Index | M152: 36.91 | N152: 36.4 | O152: 37.3 | P152: 36.85 | Q152: #N/A N/A | R152: 11.482 | S152: SPX 9/19/25 C6375 Index | T152: 121.32 | U152: 119.1 | V152: 120.8 | W152: 119.95 | X152: #N/A N/A | Y152: 12.82 | Z152: =I152*R152+Y152*J152 -> 12.475943 | AA152: 0.12519014 | AB152: 4.3361 | AC152: =AB152/100 -> 0.043361 | AD152: =30/365 -> 0.082191781 | AE152: =_xlfn.NORM.S.DIST((LN(B152/C152)+(AC152+0.5*(AA152)^2)*(30/365))/(AA152*SQRT(30/365)),TRUE) -> 0.54398126 | AF152: =AE152-1 -> -0.45601874 | AG152: =AE152+AF152 -> 0.087962514
A153: 45881 | B153: 6445.76 | C153: 6445 | D153: 45884 | E153: 45919 | F153: 30 | G153: 3 | H153: 38 | I153: 0.22857143 | J153: 0.77142857 | K153: OK | L153: SPX 8/15/25 C6445 Index | M153: 22.45 | N153: 22.9 | O153: 23.7 | P153: 23.3 | Q153: #N/A N/A | R153: 8.102 | S153: SPX 9/19/25 C6445 Index | T153: 108.4 | U153: 110.7 | V153: 111.9 | W153: 111.3 | X153: #N/A N/A | Y153: 11.842 | Z153: =I153*R153+Y153*J153 -> 10.987143 | AA153: 0.11033229 | AB153: 4.3024 | AC153: =AB153/100 -> 0.043024 | AD153: =30/365 -> 0.082191781 | AE153: =_xlfn.NORM.S.DIST((LN(B153/C153)+(AC153+0.5*(AA153)^2)*(30/365))/(AA153*SQRT(30/365)),TRUE) -> 0.55224619 | AF153: =AE153-1 -> -0.44775381 | AG153: =AE153+AF153 -> 0.10449238
A154: 45882 | B154: 6466.58 | C154: 6465 | D154: 45884 | E154: 45919 | F154: 30 | G154: 2 | H154: 37 | I154: 0.2 | J154: 0.8 | K154: OK | L154: SPX 8/15/25 C6465 Index | M154: 18 | N154: 16.3 | O154: 16.9 | P154: 16.6 | Q154: #N/A N/A | R154: 8.162 | S154: SPX 9/19/25 C6465 Index | T154: 99.5 | U154: 105.1 | V154: 106.4 | W154: 105.75 | X154: #N/A N/A | Y154: 11.664 | Z154: =I154*R154+Y154*J154 -> 10.9636 | AA154: 0.109539 | AB154: 4.2993 | AC154: =AB154/100 -> 0.042993 | AD154: =30/365 -> 0.082191781 | AE154: =_xlfn.NORM.S.DIST((LN(B154/C154)+(AC154+0.5*(AA154)^2)*(30/365))/(AA154*SQRT(30/365)),TRUE) -> 0.55409202 | AF154: =AE154-1 -> -0.44590798 | AG154: =AE154+AF154 -> 0.10818403
A155: 45883 | B155: 6468.54 | C155: 6470 | D155: 45884 | E155: 45919 | F155: 30 | G155: 1 | H155: 36 | I155: 0.17142857 | J155: 0.82857143 | K155: OK | L155: SPX 8/15/25 C6470 Index | M155: 7.35 | N155: 9.8 | O155: 11.2 | P155: 10.5 | Q155: #N/A N/A | R155: 8.137 | S155: SPX 9/19/25 C6470 Index | T155: 106.5 | U155: 103.9 | V155: 105.5 | W155: 104.7 | X155: #N/A N/A | Y155: 11.64 | Z155: =I155*R155+Y155*J155 -> 11.039486 | AA155: 0.11014443 | AB155: 4.3039 | AC155: =AB155/100 -> 0.043039 | AD155: =30/365 -> 0.082191781 | AE155: =_xlfn.NORM.S.DIST((LN(B155/C155)+(AC155+0.5*(AA155)^2)*(30/365))/(AA155*SQRT(30/365)),TRUE) -> 0.54802239 | AF155: =AE155-1 -> -0.45197761 | AG155: =AE155+AF155 -> 0.096044784
A156: 45884 | B156: 6449.8 | C156: 6450 | D156: 45919 | E156: 45947 | F156: 30 | G156: 35 | H156: 63 | I156: 1 | J156: 0 | K156: OK | L156: SPX 9/19/25 C6450 Index | M156: 103.1 | N156: 102.6 | O156: 104.8 | P156: 103.7 | Q156: #N/A N/A | R156: 12.011 | S156: SPX 10/17/25 C6450 Index | T156: 159.32 | U156: 156.1 | V156: 158.7 | W156: 157.4 | X156: #N/A N/A | Y156: 12.905 | Z156: =I156*R156+Y156*J156 -> 12.011 | AA156: 0.12078 | AB156: 4.3136 | AC156: =AB156/100 -> 0.043136 | AD156: =30/365 -> 0.082191781 | AE156: =_xlfn.NORM.S.DIST((LN(B156/C156)+(AC156+0.5*(AA156)^2)*(30/365))/(AA156*SQRT(30/365)),TRUE) -> 0.54728631 | AF156: =AE156-1 -> -0.45271369 | AG156: =AE156+AF156 -> 0.094572627
... A172: 45909 | B172: 6512.61 | C172: 6515 | D172: 45919 | E172: 45947 | F172: 30 | G172: 10 | H172: 38 | I172: 0.28571429 | J172: 0.71428571 | K172: OK | L172: SPX 9/19/25 C6515 Index | M172: 52.51 | N172: 55.9 | O172: 57.2 | P172: 56.55 | Q172: #N/A N/A | R172: 10.565 | S172: SPX 10/17/25 C6515 Index | T172: 111.09 | U172: 119 | V172: 121.1 | W172: 120.05 | X172: #N/A N/A | Y172: 11.835 | Z172: =I172*R172+Y172*J172 -> 11.472143 | AA172: 0.114785 | AB172: 4.1519 | AC172: =AB172/100 -> 0.041519 | AD172: =30/365 -> 0.082191781 | AE172: =_xlfn.NORM.S.DIST((LN(B172/C172)+(AC172+0.5*(AA172)^2)*(30/365))/(AA172*SQRT(30/365)),TRUE) -> 0.54340015 | AF172: =AE172-1 -> -0.45659985 | AG172: =AE172+AF172 -> 0.086800309
A173: 45910 | B173: 6532.04 | C173: 6530 | D173: 45919 | E173: 45947 | F173: 30 | G173: 9 | H173: 37 | I173: 0.25 | J173: 0.75 | K173: OK | L173: SPX 9/19/25 C6530 Index | M173: 51.5 | N173: 50.4 | O173: 51.5 | P173: 50.95 | Q173: #N/A N/A | R173: 10.933 | S173: SPX 10/17/25 C6530 Index | T173: #N/A N/A | U173: 113.1 | V173: 115.9 | W173: 114.5 | X173: #N/A N/A | Y173: 11.84 | Z173: =I173*R173+Y173*J173 -> 11.61325 | AA173: 0.11683 | AB173: 4.1489 | AC173: =AB173/100 -> 0.041489 | AD173: =30/365 -> 0.082191781 | AE173: =_xlfn.NORM.S.DIST((LN(B173/C173)+(AC173+0.5*(AA173)^2)*(30/365))/(AA173*SQRT(30/365)),TRUE) -> 0.55087933 | AF173: =AE173-1 -> -0.44912067 | AG173: =AE173+AF173 -> 0.10175867
A174: 45911 | B174: 6587.47 | C174: 6585 | D174: 45919 | E174: 45947 | F174: 30 | G174: 8 | H174: 36 | I174: 0.21428571 | J174: 0.78571429 | K174: OK | L174: SPX 9/19/25 C6585 Index | M174: 46.7 | N174: 42.7 | O174: 43.7 | P174: 43.2 | Q174: #N/A N/A | R174: 9.926 | S174: SPX 10/17/25 C6585 Index | T174: 113.9 | U174: 109.4 | V174: 111.2 | W174: 110.3 | X174: #N/A N/A | Y174: 11.512 | Z174: =I174*R174+Y174*J174 -> 11.172143 | AA174: 0.11266286 | AB174: 4.1382 | AC174: =AB174/100 -> 0.041382 | AD174: =30/365 -> 0.082191781 | AE174: =_xlfn.NORM.S.DIST((LN(B174/C174)+(AC174+0.5*(AA174)^2)*(30/365))/(AA174*SQRT(30/365)),TRUE) -> 0.55292885 | AF174: =AE174-1 -> -0.44707115 | AG174: =AE174+AF174 -> 0.10585771
A175: 45912 | B175: 6584.29 | C175: 6585 | D175: 45919 | E175: 45947 | F175: 30 | G175: 7 | H175: 35 | I175: 0.17857143 | J175: 0.82142857 | K175: OK | L175: SPX 9/19/25 C6585 Index | M175: 36.6 | N175: 36.9 | O175: 38.2 | P175: 37.55 | Q175: #N/A N/A | R175: 9.91 | S175: SPX 10/17/25 C6585 Index | T175: 106.7 | U175: 105.7 | V175: 108.2 | W175: 106.95 | X175: #N/A N/A | Y175: 11.592 | Z175: =I175*R175+Y175*J175 -> 11.291643 | AA175: 0.113285 | AB175: 4.1273 | AC175: =AB175/100 -> 0.041273 | AD175: =30/365 -> 0.082191781 | AE175: =_xlfn.NORM.S.DIST((LN(B175/C175)+(AC175+0.5*(AA175)^2)*(30/365))/(AA175*SQRT(30/365)),TRUE) -> 0.54671607 | AF175: =AE175-1 -> -0.45328393 | AG175: =AE175+AF175 -> 0.093432146
A176: 45915 | B176: 6615.28 | C176: 6615 | D176: 45919 | E176: 45947 | F176: 30 | G176: 4 | H176: 32 | I176: 0.071428571 | J176: 0.92857143 | K176: OK | L176: SPX 9/19/25 C6615 Index | M176: 35.99 | N176: 34.3 | O176: 35 | P176: 34.65 | Q176: #N/A N/A | R176: 10.399 | S176: SPX 10/17/25 C6615 Index | T176: 107.1 | U176: 105.7 | V176: 107.5 | W176: 106.6 | X176: #N/A N/A | Y176: 11.747 | Z176: =I176*R176+Y176*J176 -> 11.650714 | AA176: 0.1174 | AB176: 4.132 | AC176: =AB176/100 -> 0.04132 | AD176: =30/365 -> 0.082191781 | AE176: =_xlfn.NORM.S.DIST((LN(B176/C176)+(AC176+0.5*(AA176)^2)*(30/365))/(AA176*SQRT(30/365)),TRUE) -> 0.54735832 | AF176: =AE176-1 -> -0.45264168 | AG176: =AE176+AF176 -> 0.094716636
A177: 45916 | B177: 6606.76 | C177: 6605 | D177: 45919 | E177: 45947 | F177: 30 | G177: 3 | H177: 31 | I177: 0.035714286 | J177: 0.96428571 | K177: OK | L177: SPX 9/19/25 C6605 Index | M177: 39.36 | N177: 38.8 | O177: 39.8 | P177: 39.3 | Q177: #N/A N/A | R177: 12.302 | S177: SPX 10/17/25 C6605 Index | T177: 109.15 | U177: 111.8 | V177: 113.9 | W177: 112.85 | X177: #N/A N/A | Y177: 12.417 | Z177: =I177*R177+Y177*J177 -> 12.412893 | AA177: 0.12465571 | AB177: 4.1009 | AC177: =AB177/100 -> 0.041009 | AD177: =30/365 -> 0.082191781 | AE177: =_xlfn.NORM.S.DIST((LN(B177/C177)+(AC177+0.5*(AA177)^2)*(30/365))/(AA177*SQRT(30/365)),TRUE) -> 0.54761546 | AF177: =AE177-1 -> -0.45238454 | AG177: =AE177+AF177 -> 0.09523093
A178: 45917 | B178: 6600.35 | C178: 6600 | D178: 45919 | E178: 45947 | F178: 30 | G178: 2 | H178: 30 | I178: 0 | J178: 1 | K178: OK | L178: SPX 9/19/25 C6600 Index | M178: 28.97 | N178: 28.3 | O178: 29.2 | P178: 28.75 | Q178: #N/A N/A | R178: 11.276 | S178: SPX 10/17/25 C6600 Index | T178: 107.4 | U178: 106.8 | V178: 109.2 | W178: 108 | X178: #N/A N/A | Y178: 12.151 | Z178: =I178*R178+Y178*J178 -> 12.151 | AA178: 0.121285 | AB178: 4.075 | AC178: =AB178/100 -> 0.04075 | AD178: =30/365 -> 0.082191781 | AE178: =_xlfn.NORM.S.DIST((LN(B178/C178)+(AC178+0.5*(AA178)^2)*(30/365))/(AA178*SQRT(30/365)),TRUE) -> 0.54587049 | AF178: =AE178-1 -> -0.45412951 | AG178: =AE178+AF178 -> 0.091740973
A179: 45918 | B179: 6631.96 | C179: 6630 | D179: 45919 | E179: 45947 | F179: 30 | G179: 1 | H179: 29 | I179: 0 | J179: 1 | K179: OK | L179: SPX 9/19/25 C6630 Index | M179: 15.33 | N179: 17.9 | O179: 19.2 | P179: 18.55 | Q179: #N/A N/A | R179: 9.406 | S179: SPX 10/17/25 C6630 Index | T179: 104.35 | U179: 106.1 | V179: 108.8 | W179: 107.45 | X179: #N/A N/A | Y179: 12.033 | Z179: =I179*R179+Y179*J179 -> 12.033 | AA179: 0.120945 | AB179: 4.077 | AC179: =AB179/100 -> 0.04077 | AD179: =30/365 -> 0.082191781 | AE179: =_xlfn.NORM.S.DIST((LN(B179/C179)+(AC179+0.5*(AA179)^2)*(30/365))/(AA179*SQRT(30/365)),TRUE) -> 0.54874999 | AF179: =AE179-1 -> -0.45125001 | AG179: =AE179+AF179 -> 0.097499972
...

Sheet Put
A1: Date | B1: Underlying (SPX Spot) | C1: ATM Strike | D1: FrontExp | E1: NextExp | F1: TargetDTE | G1: DTE_F = FrontExp - Date | H1: DTE_N = NextExp - Date | I1: Weighted_Front | J1: Weighted_N | K1: Check | L1: Front Call Ticker | M1: Last | N1: Bid | O1: Ask | P1: Mid=(Bid+Ask)/2 | Q1: Delta | R1: IV | S1: Next Call Ticker | T1: Last | U1: Bid | V1: Ask | W1: Mid=(Bid+Ask)/2 | X1: Delta | Y1: IV | Z1: IV_30D | AA1: IV_30D(call+put)/2
A2: 45659 | B2: 5868.55 | C2: 5870 | D2: 45674 | E2: 45709 | F2: 30 | G2: 15 | H2: 50 | I2: 0.57142857 | J2: 0.42857143 | K2: OK | L2: SPX 1/17/25 P5870 Index | M2: 62.5 | N2: 62.3 | O2: 64.2 | P2: 63.25 | Q2: #N/A N/A | R2: 14.37 | S2: SPX 2/21/25 P5870 Index | T2: 107.08 | U2: 106.9 | V2: 109.1 | W2: 108 | X2: #N/A N/A | Y2: 14.616 | Z2: =I2*R2+Y2*J2 -> 14.475429 | AA2: 0.14406214
A3: 45660 | B3: 5942.47 | C3: 5940 | D3: 45674 | E3: 45709 | F3: 30 | G3: P | H3: 49 | I3: 0.54285714 | J3: 0.45714286 | K3: OK | L3: SPX 1/17/25 P5940 Index | M3: 52.1 | N3: 53.1 | O3: 54.8 | P3: 53.95 | Q3: #N/A N/A | R3: 12.444 | S3: SPX 2/21/25 P5940 Index | T3: 98.67 | U3: 99.4 | V3: 101.2 | W3: 100.3 | X3: #N/A N/A | Y3: 13.532 | Z3: =I3*R3+Y3*J3 -> 12.941371 | AA3: 0.12756243
A4: 45663 | B4: 5975.38 | C4: 5975 | D4: 45674 | E4: 45709 | F4: 30 | G4: 11 | H4: 46 | I4: 0.45714286 | J4: 0.54285714 | K4: OK | L4: SPX 1/17/25 P5975 Index | M4: 49.54 | N4: 44.2 | O4: 45.6 | P4: 44.9 | Q4: #N/A N/A | R4: 12.683 | S4: SPX 2/21/25 P5975 Index | T4: 96.59 | U4: 91.1 | V4: 92.6 | W4: 91.85 | X4: #N/A N/A | Y4: 13.336 | Z4: =I4*R4+Y4*J4 -> 13.037486 | AA4: 0.12818171
A5: 45664 | B5: 5909.03 | C5: 5910 | D5: 45674 | E5: 45709 | F5: 30 | G5: 10 | H5: 45 | I5: 0.42857143 | J5: 0.57142857 | K5: OK | L5: SPX 1/17/25 P5910 Index | M5: 51.5 | N5: 52.5 | O5: 53.9 | P5: 53.2 | Q5: #N/A N/A | R5: 14.702 | S5: SPX 2/21/25 P5910 Index | T5: 95.71 | U5: 103.3 | V5: 104.9 | W5: 104.1 | X5: #N/A N/A | Y5: 14.647 | Z5: =I5*R5+Y5*J5 -> 14.670571 | AA5: 0.14519857
A6: 45665 | B6: 5918.25 | C6: 5920 | D6: 45674 | E6: 45709 | F6: 30 | G6: 9 | H6: 44 | I6: 0.4 | J6: 0.6 | K6: OK | L6: SPX 1/17/25 P5920 Index | M6: 50.78 | N6: 52.5 | O6: 54.6 | P6: 53.55 | Q6: #N/A N/A | R6: 14.647 | S6: SPX 2/21/25 P5920 Index | T6: 108.93 | U6: 104.5 | V6: 107.5 | W6: 106 | X6: #N/A N/A | Y6: 14.526 | Z6: =I6*R6+Y6*J6 -> 14.5744 | AA6: 0.144391
A7: 45667 | B7: 5827.04 | C7: 5825 | D7: 45674 | E7: 45709 | F7: 30 | G7: 7 | H7: 42 | I7: 0.34285714 | J7: 0.65714286 | K7: OK | L7: SPX 1/17/25 P5825 Index | M7: 50.23 | N7: 50.9 | O7: 51.7 | P7: 51.3 | Q7: #N/A N/A | R7: 15.956 | S7: SPX 2/21/25 P5825 Index | T7: 107 | U7: 110.4 | V7: 111.9 | W7: 111.15 | X7: #N/A N/A | Y7: 15.883 | Z7: =I7*R7+Y7*J7 -> 15.908029 | AA7: 0.15886814
A8: 45670 | B8: 5836.22 | C8: 5835 | D8: 45674 | E8: 45709 | F8: 30 | G8: 4 | H8: 39 | I8: 0.25714286 | J8: 0.74285714 | K8: OK | L8: SPX 1/17/25 P5835 Index | M8: 44.3 | N8: 41.1 | O8: 41.7 | P8: 41.4 | Q8: #N/A N/A | R8: 16.381 | S8: SPX 2/21/25 P5835 Index | T8: 110 | U8: 100.7 | V8: 101.6 | W8: 101.15 | X8: #N/A N/A | Y8: 15.418 | Z8: =I8*R8+Y8*J8 -> 15.665629 | AA8: 0.15632429
A9: 45671 | B9: 5842.91 | C9: 5845 | D9: 45674 | E9: 45709 | F9: 30 | G9: 3 | H9: 38 | I9: 0.22857143 | J9: 0.77142857 | K9: OK | L9: SPX 1/17/25 P5845 Index | M9: 40.06 | N9: 38 | O9: 39 | P9: 38.5 | Q9: #N/A N/A | R9: 18.418 | S9: SPX 2/21/25 P5845 Index | T9: 96.72 | U9: 97.6 | V9: 99.7 | W9: 98.65 | X9: #N/A N/A | Y9: 15.36 | Z9: =I9*R9+Y9*J9 -> 16.058971 | AA9: 0.15803971
A10: 45672 | B10: 5949.91 | C10: 5950 | D10: 45674 | E10: 45709 | F10: 30 | G10: 2 | H10: 37 | I10: 0.2 | J10: 0.8 | K10: OK | L10: SPX 1/17/25 P5950 Index | M10: 22.9 | N10: 21.8 | O10: 22.5 | P10: 22.15 | Q10: #N/A N/A | R10: 11.912 | S10: SPX 2/21/25 P5950 Index | T10: 85.77 | U10: 85.3 | V10: 86.8 | W10: 86.05 | X10: #N/A N/A | Y10: 13.104 | Z10: =I10*R10+Y10*J10 -> 12.8656 | AA10: 0.127208
A11: 45673 | B11: 5937.34 | C11: 5935 | D11: 45674 | E11: 45709 | F11: 30 | G11: 1 | H11: 36 | I11: 0.17142857 | J11: 0.82857143 | K11: OK | L11: SPX 1/17/25 P5935 Index | M11: 15.5 | N11: 12.4 | O11: 14 | P11: 13.2 | Q11: #N/A N/A | R11: 9.169 | S11: SPX 2/21/25 P5935 Index | T11: 81.35 | U11: 85.3 | V11: 87.1 | W11: 86.2 | X11: #N/A N/A | Y11: 13.214 | Z11: =I11*R11+Y11*J11 -> 12.520571 | AA11: 0.12544929
A12: 45674 | B12: 5996.66 | C12: 5995 | D12: 45709 | E12: 45737 | F12: 30 | G12: 35 | H12: 63 | I12: 1 | J12: 0 | K12: OK | L12: SPX 2/21/25 P5995 Index | M12: 82.5 | N12: 81.7 | O12: 83.4 | P12: 82.55 | Q12: #N/A N/A | R12: 13.061 | S12: SPX 3/21/25 P5995 Index | T12: 110.1 | U12: 112.1 | V12: 113.5 | W12: 112.8 | X12: #N/A N/A | Y12: 13.459 | Z12: =I12*R12+Y12*J12 -> 13.061 | AA12: 0.129615
A13: 45678 | B13: 6049.24 | C13: 6050 | D13: 45709 | E13: 45737 | F13: 30 | G13: 31 | H13: 59 | I13: 1 | J13: 0 | K13: OK | L13: SPX 2/21/25 P6050 Index | M13: 74.8 | N13: 69.9 | O13: 72.4 | P13: 71.15 | Q13: #N/A N/A | R13: 11.864 | S13: SPX 3/21/25 P6050 Index | T13: 101.3 | U13: 99.7 | V13: 102.2 | W13: 100.95 | X13: #N/A N/A | Y13: 12.447 | Z13: =I13*R13+Y13*J13 -> 11.864 | AA13: 0.11738
A14: 45679 | B14: 6086.37 | C14: 6085 | D14: 45709 | E14: 45737 | F14: 30 | G14: 30 | H14: 58 | I14: 1 | J14: 0 | K14: OK | L14: SPX 2/21/25 P6085 Index | M14: 71.5 | N14: 71 | O14: 72.4 | P14: 71.7 | Q14: #N/A N/A | R14: 11.633 | S14: SPX 3/21/25 P6085 Index | T14: 102.12 | U14: 102.1 | V14: 103.4 | W14: 102.75 | X14: #N/A N/A | Y14: 12.433 | Z14: =I14*R14+Y14*J14 -> 11.633 | AA14: 0.11523
A15: 45680 | B15: 6118.71 | C15: 6120 | D15: 45709 | E15: 45737 | F15: 30 | G15: 29 | H15: 57 | I15: 0.96428571 | J15: 0.035714286 | K15: OK | L15: SPX 2/21/25 P6120 Index | M15: 78.57 | N15: 71.8 | O15: 73.5 | P15: 72.65 | Q15: #N/A N/A | R15: 11.534 | S15: SPX 3/21/25 P6120 Index | T15: 102.5 | U15: 103.1 | V15: 104.6 | W15: 103.85 | X15: #N/A N/A | Y15: 12.318 | Z15: =I15*R15+Y15*J15 -> 11.562 | AA15: 0.11435089
... A62: 45748 | B62: 5633.07 | C62: 5635 | D62: 45764 | E62: 45793 | F62: 30 | G62: 16 | H62: 45 | I62: 0.51724138 | J62: 0.48275862 | K62: OK | L62: SPX 4/17/25 P5635 Index | M62: 90.1 | N62: 90.7 | O62: 92.8 | P62: 91.75 | Q62: #N/A N/A | R62: 19.515 | S62: SPX 5/16/25 P5635 Index | T62: 135 | U62: 132.9 | V62: 135.2 | W62: 134.05 | X62: #N/A N/A | Y62: 18.125 | Z62: =I62*R62+Y62*J62 -> 18.843966 | AA62: 0.18690241
A63: 45749 | B63: 5670.97 | C63: 5670 | D63: 45764 | E63: 45793 | F63: 30 | G63: 15 | H63: 44 | I63: 0.48275862 | J63: 0.51724138 | K63: OK | L63: SPX 4/17/25 P5670 Index | M63: 90.93 | N63: 155.9 | O63: 167.3 | P63: 161.6 | Q63: #N/A N/A | R63: 19.342 | S63: SPX 5/16/25 P5670 Index | T63: #N/A N/A | U63: 191.5 | V63: 205.8 | W63: 198.65 | X63: #N/A N/A | Y63: 17.781 | Z63: =I63*R63+Y63*J63 -> 18.534586 | AA63: 0.18502603
A64: 45750 | B64: 5396.52 | C64: 5395 | D64: 45764 | E64: 45793 | F64: 30 | G64: 14 | H64: 43 | I64: 0.44827586 | J64: 0.55172414 | K64: OK | L64: SPX 4/17/25 P5395 Index | M64: 110.3 | N64: 118 | O64: 121.3 | P64: 119.65 | Q64: #N/A N/A | R64: 27.407 | S64: SPX 5/16/25 P5395 Index | T64: 145.98 | U64: 174.1 | V64: 177.6 | W64: 175.85 | X64: #N/A N/A | Y64: 24.295 | Z64: =I64*R64+Y64*J64 -> 25.690034 | AA64: 0.25583621
A65: 45751 | B65: 5074.08 | C65: 5075 | D65: 45764 | E65: 45793 | F65: 30 | G65: 13 | H65: 42 | I65: 0.4137931 | J65: 0.5862069 | K65: OK | L65: SPX 4/17/25 P5075 Index | M65: 175.16 | N65: 175 | O65: 179.2 | P65: 177.1 | Q65: #N/A N/A | R65: 44.582 | S65: SPX 5/16/25 P5075 Index | T65: 216.48 | U65: 233.2 | V65: 237 | W65: 235.1 | X65: #N/A N/A | Y65: 34.284 | Z65: =I65*R65+Y65*J65 -> 38.545241 | AA65: 0.38442862
A66: 45754 | B66: 5062.25 | C66: 5060 | D66: 45764 | E66: 45793 | F66: 30 | G66: 10 | H66: 39 | I66: 0.31034483 | J66: 0.68965517 | K66: OK | L66: SPX 4/17/25 P5060 Index | M66: 217.51 | N66: 162.9 | O66: 168.3 | P66: 165.6 | Q66: #N/A N/A | R66: 50.957 | S66: SPX 5/16/25 P5060 Index | T66: 211.71 | U66: 218.4 | V66: 224.7 | W66: 221.55 | X66: #N/A N/A | Y66: 36.343 | Z66: =I66*R66+Y66*J66 -> 40.878379 | AA66: 0.40649741
A67: 45755 | B67: 4982.77 | C67: 4985 | D67: 45764 | E67: 45793 | F67: 30 | G67: 9 | H67: 38 | I67: 0.27586207 | J67: 0.72413793 | K67: OK | L67: SPX 4/17/25 P4985 Index | M67: 176.1 | N67: 176.3 | O67: 183.3 | P67: 179.8 | Q67: #N/A N/A | R67: 55.077 | S67: SPX 5/16/25 P4985 Index | T67: 207.6 | U67: 244.9 | V67: 257.1 | W67: 251 | X67: #N/A N/A | Y67: 39.613 | Z67: =I67*R67+Y67*J67 -> 43.878931 | AA67: 0.43813069
A68: 45756 | B68: 5456.9 | C68: 5455 | D68: 45764 | E68: 45793 | F68: 30 | G68: 8 | H68: 37 | I68: 0.24137931 | J68: 0.75862069 | K68: OK | L68: SPX 4/17/25 P5455 Index | M68: 108.4 | N68: 93.6 | O68: 98.1 | P68: 95.85 | Q68: #N/A N/A | R68: 32.882 | S68: SPX 5/16/25 P5455 Index | T68: 168.06 | U68: 154.9 | V68: 160.8 | W68: 157.85 | X68: #N/A N/A | Y68: 25.341 | Z68: =I68*R68+Y68*J68 -> 27.161241 | AA68: 0.27597
A69: 45757 | B69: 5268.05 | C69: 5270 | D69: 45764 | E69: 45793 | F69: 30 | G69: 7 | H69: 36 | I69: 0.20689655 | J69: 0.79310345 | K69: OK | L69: SPX 4/17/25 P5270 Index | M69: 131.97 | N69: 128.2 | O69: 134.3 | P69: 131.25 | Q69: #N/A N/A | R69: 45.923 | S69: SPX 5/16/25 P5270 Index | T69: 214.65 | U69: 211.9 | V69: 216.5 | W69: 214.2 | X69: #N/A N/A | Y69: 33.424 | Z69: =I69*R69+Y69*J69 -> 36.01 | AA69: 0.36169672
A70: 45758 | B70: 5363.36 | C70: 5365 | D70: 45764 | E70: 45793 | F70: 30 | G70: 6 | H70: 35 | I70: 0.17241379 | J70: 0.82758621 | K70: OK | L70: SPX 4/17/25 P5365 Index | M70: 102 | N70: 103.4 | O70: 106.9 | P70: 105.15 | Q70: #N/A N/A | R70: 39.617 | S70: SPX 5/16/25 P5365 Index | T70: 208.1 | U70: 196.9 | V70: 200.8 | W70: 198.85 | X70: #N/A N/A | Y70: 31.252 | Z70: =I70*R70+Y70*J70 -> 32.694241 | AA70: 0.32767569
A71: 45761 | B71: 5405.97 | C71: 5405 | D71: 45764 | E71: 45793 | F71: 30 | G71: 3 | H71: 32 | I71: 0.068965517 | J71: 0.93103448 | K71: OK | L71: SPX 4/17/25 P5405 Index | M71: 59.7 | N71: 62 | O71: 64.1 | P71: 63.05 | Q71: #N/A N/A | R71: 27.301 | S71: SPX 5/16/25 P5405 Index | T71: 155.75 | U71: 160.2 | V71: 163.4 | W71: 161.8 | X71: #N/A N/A | Y71: 25.702 | Z71: =I71*R71+Y71*J71 -> 25.812276 | AA71: 0.25725017
A72: 45762 | B72: 5396.63 | C72: 5395 | D72: 45764 | E72: 45793 | F72: 30 | G72: 2 | H72: 31 | I72: 0.034482759 | J72: 0.96551724 | K72: OK | L72: SPX 4/17/25 P5395 Index | M72: 35.4 | N72: 37.9 | O72: 39.6 | P72: 38.75 | Q72: #N/A N/A | R72: 21.337 | S72: SPX 5/16/25 P5395 Index | T72: 148.3 | U72: 149.3 | V72: 151.4 | W72: 150.35 | X72: #N/A N/A | Y72: 24.891 | Z72: =I72*R72+Y72*J72 -> 24.768448 | AA72: 0.24702017
A73: 45763 | B73: 5275.7 | C73: 5275 | D73: 45764 | E73: 45793 | F73: 30 | G73: 1 | H73: 30 | I73: 0 | J73: 1 | K73: OK | L73: SPX 4/17/25 P5275 Index | M73: 30 | N73: 33.7 | O73: 35.8 | P73: 34.75 | Q73: #N/A N/A | R73: 27.208 | S73: SPX 5/16/25 P5275 Index | T73: 162.1 | U73: 165.3 | V73: 169 | W73: 167.15 | X73: #N/A N/A | Y73: 27.991 | Z73: =I73*R73+Y73*J73 -> 27.991 | AA73: 0.27919
A74: 45764 | B74: 5282.7 | C74: 5285 | D74: 45793 | E74: 45828 | F74: 30 | G74: 29 | H74: 64 | I74: 0 | J74: 1 | K74: OK | L74: SPX 5/16/25 P5285 Index | M74: 151.6 | N74: 140.5 | O74: 143.5 | P74: 142 | Q74: #N/A N/A | R74: 26.341 | S74: SPX 6/20/25 P5285 Index | T74: 200.91 | U74: 196 | V74: 199.1 | W74: 197.55 | X74: #N/A N/A | Y74: 25.233 | Z74: =I74*R74+Y74*J74 -> 25.233 | AA74: 0.25081
A75: 45768 | B75: 5158.2 | C75: 5160 | D75: 45793 | E75: 45828 | F75: 30 | G75: 25 | H75: 60 | I75: 0.85714286 | J75: 0.14285714 | K75: OK | L75: SPX 5/16/25 P5160 Index | M75: 159.84 | N75: 158.7 | O75: 160.8 | P75: 159.75 | Q75: #N/A N/A | R75: 29.402 | S75: SPX 6/20/25 P5160 Index | T75: 219.48 | U75: 214.9 | V75: 217 | W75: 215.95 | X75: #N/A N/A | Y75: 27.448 | Z75: =I75*R75+Y75*J75 -> 29.122857 | AA75: 0.28958429
... A162: 45894 | B162: 6439.32 | C162: 6440 | D162: 45919 | E162: 45947 | F162: 30 | G162: 25 | H162: 53 | I162: 0.82142857 | J162: 0.17857143 | K162: OK | L162: SPX 9/19/25 P6440 Index | M162: 69.1 | N162: 68.5 | O162: 69.6 | P162: 69.05 | Q162: #N/A N/A | R162: 11.51 | S162: SPX 10/17/25 P6440 Index | T162: 101.5 | U162: 105.2 | V162: 106.4 | W162: 105.8 | X162: #N/A N/A | Y162: 12.544 | Z162: =I162*R162+Y162*J162 -> 11.694643 | AA162: 0.11629268
A163: 45895 | B163: 6465.94 | C163: 6465 | D163: 45919 | E163: 45947 | F163: 30 | G163: 24 | H163: 52 | I163: 0.78571429 | J163: 0.21428571 | K163: OK | L163: SPX 9/19/25 P6465 Index | M163: 65.6 | N163: 64 | O163: 65.1 | P163: 64.55 | Q163: #N/A N/A | R163: 11.379 | S163: SPX 10/17/25 P6465 Index | T163: #N/A N/A | U163: 100.5 | V163: 102.2 | W163: 101.35 | X163: #N/A N/A | Y163: 12.366 | Z163: =I163*R163+Y163*J163 -> 11.5905 | AA163: 0.11574786
A164: 45896 | B164: 6481.4 | C164: 6480 | D164: 45919 | E164: 45947 | F164: 30 | G164: 23 | H164: 51 | I164: 0.75 | J164: 0.25 | K164: OK | L164: SPX 9/19/25 P6480 Index | M164: 68.68 | N164: 69.8 | O164: 71.3 | P164: 70.55 | Q164: #N/A N/A | R164: 11.706 | S164: SPX 10/17/25 P6480 Index | T164: 106.7 | U164: 106 | V164: 108.1 | W164: 107.05 | X164: #N/A N/A | Y164: 12.451 | Z164: =I164*R164+Y164*J164 -> 11.89225 | AA164: 0.11841375
A165: 45897 | B165: 6501.86 | C165: 6500 | D165: 45919 | E165: 45947 | F165: 30 | G165: 22 | H165: 50 | I165: 0.71428571 | J165: 0.28571429 | K165: OK | L165: SPX 9/19/25 P6500 Index | M165: 61.57 | N165: 61.2 | O165: 62.5 | P165: 61.85 | Q165: #N/A N/A | R165: 11.114 | S165: SPX 10/17/25 P6500 Index | T165: 99.6 | U165: 99.3 | V165: 100.8 | W165: 100.05 | X165: #N/A N/A | Y165: 12.238 | Z165: =I165*R165+Y165*J165 -> 11.435143 | AA165: 0.11395857
A166: 45898 | B166: 6460.26 | C166: 6460 | D166: 45919 | E166: 45947 | F166: 30 | G166: 21 | H166: 49 | I166: 0.67857143 | J166: 0.32142857 | K166: OK | L166: SPX 9/19/25 P6460 Index | M166: 66.6 | N166: 65.8 | O166: 67.2 | P166: 66.5 | Q166: #N/A N/A | R166: 12.034 | S166: SPX 10/17/25 P6460 Index | T166: 107.7 | U166: 103.9 | V166: 105.9 | W166: 104.9 | X166: #N/A N/A | Y166: 12.768 | Z166: =I166*R166+Y166*J166 -> 12.269929 | AA166: 0.12291964
A167: 45902 | B167: 6415.54 | C167: 6415 | D167: 45919 | E167: 45947 | F167: 30 | G167: 17 | H167: 45 | I167: 0.53571429 | J167: 0.46428571 | K167: OK | L167: SPX 9/19/25 P6415 Index | M167: 72.5 | N167: 60.2 | O167: 61.2 | P167: 60.7 | Q167: #N/A N/A | R167: 13.341 | S167: SPX 10/17/25 P6415 Index | T167: 110.15 | U167: 99.7 | V167: 101.1 | W167: 100.4 | X167: #N/A N/A | Y167: 13.63 | Z167: =I167*R167+Y167*J167 -> 13.475179 | AA167: 0.13333893
A168: 45903 | B168: 6448.26 | C168: 6450 | D168: 45919 | E168: 45947 | F168: 30 | G168: 16 | H168: 44 | I168: 0.5 | J168: 0.5 | K168: OK | L168: SPX 9/19/25 P6450 Index | M168: 63.1 | N168: 62.4 | O168: 63.4 | P168: 62.9 | Q168: #N/A N/A | R168: 12.258 | S168: SPX 10/17/25 P6450 Index | T168: 106.5 | U168: 102.8 | V168: 104.2 | W168: 103.5 | X168: #N/A N/A | Y168: 12.965 | Z168: =I168*R168+Y168*J168 -> 12.6115 | AA168: 0.1257325
A169: 45904 | B169: 6502.08 | C169: 6500 | D169: 45919 | E169: 45947 | F169: 30 | G169: 15 | H169: 43 | I169: 0.46428571 | J169: 0.53571429 | K169: OK | L169: SPX 9/19/25 P6500 Index | M169: 54.3 | N169: 53.6 | O169: 54.8 | P169: 54.2 | Q169: #N/A N/A | R169: 11.273 | S169: SPX 10/17/25 P6500 Index | T169: 95 | U169: 95.3 | V169: 96.5 | W169: 95.9 | X169: #N/A N/A | Y169: 12.367 | Z169: =I169*R169+Y169*J169 -> 11.859071 | AA169: 0.11833768
A170: 45905 | B170: 6481.5 | C170: 6480 | D170: 45919 | E170: 45947 | F170: 30 | G170: 14 | H170: 42 | I170: 0.42857143 | J170: 0.57142857 | K170: OK | L170: SPX 9/19/25 P6480 Index | M170: 51.85 | N170: 50.9 | O170: 52.2 | P170: 51.55 | Q170: #N/A N/A | R170: 11.014 | S170: SPX 10/17/25 P6480 Index | T170: 95.03 | U170: 94.3 | V170: 96.9 | W170: 95.6 | X170: #N/A N/A | Y170: 12.342 | Z170: =I170*R170+Y170*J170 -> 11.772857 | AA170: 0.117355
A171: 45908 | B171: 6495.15 | C171: 6495 | D171: 45919 | E171: 45947 | F171: 30 | G171: 11 | H171: 39 | I171: 0.32142857 | J171: 0.67857143 | K171: OK | L171: SPX 9/19/25 P6495 Index | M171: 46.15 | N171: 44.6 | O171: 45.6 | P171: 45.1 | Q171: #N/A N/A | R171: 10.603 | S171: SPX 10/17/25 P6495 Index | T171: 93 | U171: 89 | V171: 90.4 | W171: 89.7 | X171: #N/A N/A | Y171: 12.01 | Z171: =I171*R171+Y171*J171 -> 11.55775 | AA171: 0.11521018
A172: 45909 | B172: 6512.61 | C172: 6515 | D172: 45919 | E172: 45947 | F172: 30 | G172: 10 | H172: 38 | I172: 0.28571429 | J172: 0.71428571 | K172: OK | L172: SPX 9/19/25 P6515 Index | M172: 43.69 | N172: 40.7 | O172: 41.9 | P172: 41.3 | Q172: #N/A N/A | R172: 10.477 | S172: SPX 10/17/25 P6515 Index | T172: 93.15 | U172: 85.5 | V172: 87.6 | W172: 86.55 | X172: #N/A N/A | Y172: 11.888 | Z172: =I172*R172+Y172*J172 -> 11.484857 | AA172: 0.114785
A173: 45910 | B173: 6532.04 | C173: 6530 | D173: 45919 | E173: 45947 | F173: 30 | G173: 9 | H173: 37 | I173: 0.25 | J173: 0.75 | K173: OK | L173: SPX 9/19/25 P6530 Index | M173: 41.2 | N173: 43.5 | O173: 44.5 | P173: 44 | Q173: #N/A N/A | R173: 11.017 | S173: SPX 10/17/25 P6530 Index | T173: 93.24 | U173: 87.8 | V173: 90.6 | W173: 89.2 | X173: #N/A N/A | Y173: 11.998 | Z173: =I173*R173+Y173*J173 -> 11.75275 | AA173: 0.11683
A174: 45911 | B174: 6587.47 | C174: 6585 | D174: 45919 | E174: 45947 | F174: 30 | G174: 8 | H174: 36 | I174: 0.21428571 | J174: 0.78571429 | K174: OK | L174: SPX 9/19/25 P6585 Index | M174: 35 | N174: 36.2 | O174: 37.1 | P174: 36.65 | Q174: #N/A N/A | R174: 10.108 | S174: SPX 10/17/25 P6585 Index | T174: 86.6 | U174: 84.9 | V174: 86.1 | W174: 85.5 | X174: #N/A N/A | Y174: 11.702 | Z174: =I174*R174+Y174*J174 -> 11.360429 | AA174: 0.11266286
A175: 45912 | B175: 6584.29 | C175: 6585 | D175: 45919 | E175: 45947 | F175: 30 | G175: 7 | H175: 35 | I175: 0.17857143 | J175: 0.82142857 | K175: OK | L175: SPX 9/19/25 P6585 Index | M175: 34.6 | N175: 33.4 | O175: 34.7 | P175: 34.05 | Q175: #N/A N/A | R175: 9.941 | S175: SPX 10/17/25 P6585 Index | T175: 83.6 | U175: 83.5 | V175: 85.9 | W175: 84.7 | X175: #N/A N/A | Y175: 11.675 | Z175: =I175*R175+Y175*J175 -> 11.365357 | AA175: 0.113285
... A180: 45919 | B180: 6664.36 | C180: 6665 | D180: 45947 | E180: 45982 | F180: 30 | G180: 28 | H180: 63 | I180: 0.94285714 | J180: 0.057142857 | K180: OK | L180: SPX 10/17/25 P6665 Index | M180: 79 | N180: 80.8 | O180: 82.3 | P180: 81.55 | Q180: #N/A N/A | R180: 12.059 | S180: SPX 11/21/25 P6665 Index | T180: 129.5 | U180: 129.6 | V180: 131.8 | W180: 130.7 | X180: #N/A N/A | Y180: 13.431 | Z180: =I180*R180+Y180*J180 -> 12.1374 | AA180: 0.12139871
A181: 45922 | B181: 6693.75 | C181: 6695 | D181: 45947 | E181: 45982 | F181: 30 | G181: 25 | H181: 60 | I181: 0.85714286 | J181: 0.14285714 | K181: OK | L181: SPX 10/17/25 P6695 Index | M181: 82.4 | N181: 79.6 | O181: 81.3 | P181: 80.45 | Q181: #N/A N/A | R181: 12.188 | S181: SPX 11/21/25 P6695 Index | T181: #N/A N/A | U181: 131.4 | V181: 133.3 | W181: 132.35 | X181: #N/A N/A | Y181: 13.672 | Z181: =I181*R181+Y181*J181 -> 12.4 | AA181: 0.12364357
A182: 45923 | B182: 6656.92 | C182: 6655 | D182: 45947 | E182: 45982 | F182: 30 | G182: 24 | H182: 59 | I182: 0.82857143 | J182: 0.17142857 | K182: OK | L182: SPX 10/17/25 P6655 Index | M182: 81.2 | N182: 78.3 | O182: 80.2 | P182: 79.25 | Q182: #N/A N/A | R182: 12.869 | S182: SPX 11/21/25 P6655 Index | T182: 133.91 | U182: 132 | V182: 133.5 | W182: 132.75 | X182: #N/A N/A | Y182: 14.218 | Z182: =I182*R182+Y182*J182 -> 13.100257 | AA182: 0.13037443
A183: 45924 | B183: 6637.97 | C183: 6640 | D183: 45947 | E183: 45982 | F183: 30 | G183: 23 | H183: 58 | I183: 0.8 | J183: 0.2 | K183: OK | L183: SPX 10/17/25 P6640 Index | M183: 80.8 | N183: 76 | O183: 77.2 | P183: 76.6 | Q183: #N/A N/A | R183: 12.585 | S183: SPX 11/21/25 P6640 Index | T183: 133.58 | U183: 130.2 | V183: 131.5 | W183: 130.85 | X183: #N/A N/A | Y183: 14.049 | Z183: =I183*R183+Y183*J183 -> 12.8778 | AA183: 0.128303
A184: 45925 | B184: 6604.72 | C184: 6605 | D184: 45947 | E184: 45982 | F184: 30 | G184: 22 | H184: 57 | I184: 0.77142857 | J184: 0.22857143 | K184: OK | L184: SPX 10/17/25 P6605 Index | M184: 87.25 | N184: 75.9 | O184: 77.4 | P184: 76.65 | Q184: #N/A N/A | R184: 12.938 | S184: SPX 11/21/25 P6605 Index | T184: 131.6 | U184: 129.7 | V184: 131.7 | W184: 130.7 | X184: #N/A N/A | Y184: 14.245 | Z184: =I184*R184+Y184*J184 -> 13.236743 | AA184: 0.13238543
A185: 45926 | B185: 6643.7 | C185: 6645 | D185: 45947 | E185: 45982 | F185: 30 | G185: 21 | H185: 56 | I185: 0.74285714 | J185: 0.25714286 | K185: OK | L185: SPX 10/17/25 P6645 Index | M185: 69.5 | N185: 67.6 | O185: 69 | P185: 68.3 | Q185: #N/A N/A | R185: 11.753 | S185: SPX 11/21/25 P6645 Index | T185: 122.3 | U185: 121.7 | V185: 123 | W185: 122.35 | X185: #N/A N/A | Y185: 13.358 | Z185: =I185*R185+Y185*J185 -> 12.165714 | AA185: 0.12143843
A186: 45929 | B186: 6661.21 | C186: 6660 | D186: 45947 | E186: 45982 | F186: 30 | G186: 18 | H186: 53 | I186: 0.65714286 | J186: 0.34285714 | K186: OK | L186: SPX 10/17/25 P6660 Index | M186: 64.2 | N186: 65.6 | O186: 66.9 | P186: 66.25 | Q186: #N/A N/A | R186: 11.465 | S186: SPX 11/21/25 P6660 Index | T186: 122.7 | U186: 122.2 | V186: 124 | W186: 123.1 | X186: #N/A N/A | Y186: 13.38 | Z186: =I186*R186+Y186*J186 -> 12.121571 | AA186: 0.12075143
A187: 45930 | B187: 6688.46 | C187: 6690 | D187: 45947 | E187: 45982 | F187: 30 | G187: 17 | H187: 52 | I187: 0.62857143 | J187: 0.37142857 | K187: OK | L187: SPX 10/17/25 P6690 Index | M187: 62.24 | N187: 69.1 | O187: 70.4 | P187: 69.75 | Q187: #N/A N/A | R187: 11.252 | S187: SPX 11/21/25 P6690 Index | T187: 118.6 | U187: 126.1 | V187: 127.8 | W187: 126.95 | X187: #N/A N/A | Y187: 13.195 | Z187: =I187*R187+Y187*J187 -> 11.973686 | AA187: 0.12014614
A188: 45931 | B188: 6711.2 | C188: 6710 | D188: 45947 | E188: 45982 | F188: 30 | G188: 16 | H188: 51 | I188: 0.6 | J188: 0.4 | K188: OK | L188: SPX 10/17/25 P6710 Index | M188: 57.09 | N188: 59.7 | O188: 61.3 | P188: 60.5 | Q188: #N/A N/A | R188: 11.24 | S188: SPX 11/21/25 P6710 Index | T188: 117.68 | U188: 119.8 | V188: 121.4 | W188: 120.6 | X188: #N/A N/A | Y188: 13.285 | Z188: =I188*R188+Y188*J188 -> 12.058 | AA188: 0.12048
A189: 45932 | B189: 6715.35 | C189: 6715 | D189: 45947 | E189: 45982 | F189: 30 | G189: 15 | H189: 50 | I189: 0.57142857 | J189: 0.42857143 | K189: OK | L189: SPX 10/17/25 P6715 Index | M189: 56.85 | N189: 57.5 | O189: 58.4 | P189: 57.95 | Q189: #N/A N/A | R189: 11.552 | S189: SPX 11/21/25 P6715 Index | T189: 122.8 | U189: 120 | V189: 121.2 | W189: 120.6 | X189: #N/A N/A | Y189: 13.606 | Z189: =I189*R189+Y189*J189 -> 12.432286 | AA189: 0.12393214
A190: 45933 | B190: 6715.79 | C190: 6715 | D190: 45947 | E190: 45982 | F190: 30 | G190: 14 | H190: 49 | I190: 0.54285714 | J190: 0.45714286 | K190: OK | L190: SPX 10/17/25 P6715 Index | M190: 54.9 | N190: 53.9 | O190: 55.1 | P190: 54.5 | Q190: #N/A N/A | R190: 11.198 | S190: SPX 11/21/25 P6715 Index | T190: 114.39 | U190: 118 | V190: 119.3 | W190: 118.65 | X190: #N/A N/A | Y190: 13.465 | Z190: =I190*R190+Y190*J190 -> 12.234343 | AA190: 0.12240014
A191: 45936 | B191: 6740.28 | C191: 6740 | D191: 45947 | E191: 45982 | F191: 30 | G191: 11 | H191: 46 | I191: 0.45714286 | J191: 0.54285714 | K191: OK | L191: SPX 10/17/25 P6740 Index | M191: 46.6 | N191: 46.3 | O191: 47.1 | P191: 46.7 | Q191: #N/A N/A | R191: 10.352 | S191: SPX 11/21/25 P6740 Index | T191: 112.8 | U191: 113.4 | V191: 114.4 | W191: 113.9 | X191: #N/A N/A | Y191: 13.246 | Z191: =I191*R191+Y191*J191 -> 11.923029 | AA191: 0.118902
A192: 45937 | B192: 6714.59 | C192: 6715 | D192: 45947 | E192: 45982 | F192: 30 | G192: 10 | H192: 45 | I192: 0.42857143 | J192: 0.57142857 | K192: OK | L192: SPX 10/17/25 P6715 Index | M192: 49 | N192: 48.2 | O192: 49.3 | P192: 48.75 | Q192: #N/A N/A | R192: 11.518 | S192: SPX 11/21/25 P6715 Index | T192: 117.65 | U192: 116.4 | V192: 117.7 | W192: 117.05 | X192: #N/A N/A | Y192: 13.865 | Z192: =I192*R192+Y192*J192 -> 12.859143 | AA192: 0.12775143
A193: 45938 | B193: 6753.72 | C193: 6755 | D193: 45947 | E193: 45982 | F193: 30 | G193: 9 | H193: 44 | I193: 0.4 | J193: 0.6 | K193: OK | L193: SPX 10/17/25 P6755 Index | M193: 40.03 | N193: 39 | O193: 41.3 | P193: 40.15 | Q193: #N/A N/A | R193: 9.905 | S193: SPX 11/21/25 P6755 Index | T193: 113.39 | U193: 109 | V193: 113.1 | W193: 111.05 | X193: #N/A N/A | Y193: 13.208 | Z193: =I193*R193+Y193*J193 -> 11.8868 | AA193: 0.118729
... A227: 45986 | B227: 6765.88 | C227: 6765 | D227: 46010 | E227: 46038 | F227: 30 | G227: 24 | H227: 52 | I227: 0.78571429 | J227: 0.21428571 | K227: OK | L227: SPX 12/19/25 P6765 Index | M227: 99 | N227: 95.9 | O227: 97.3 | P227: 96.6 | Q227: #N/A N/A | R227: 14.885 | S227: SPX 1/16/26 P6765 Index | T227: 133.4 | U227: 135.5 | V227: 137.1 | W227: 136.3 | X227: #N/A N/A | Y227: 15.517 | Z227: =I227*R227+Y227*J227 -> 15.020429 | AA227: 0.15033429
A228: 45987 | B228: 6812.61 | C228: 6815 | D228: 46010 | E228: 46038 | F228: 30 | G228: 23 | H228: 51 | I228: 0.75 | J228: 0.25 | K228: OK | L228: SPX 12/19/25 P6815 Index | M228: 85.85 | N228: 87.9 | O228: 89.4 | P228: 88.65 | Q228: #N/A N/A | R228: 14.135 | S228: SPX 1/16/26 P6815 Index | T228: #N/A N/A | U228: 128.7 | V228: 130.4 | W228: 129.55 | X228: #N/A N/A | Y228: 14.899 | Z228: =I228*R228+Y228*J228 -> 14.326 | AA228: 0.143085
A229: 45989 | B229: 6849.09 | C229: 6850 | D229: 46010 | E229: 46038 | F229: 30 | G229: 21 | H229: 49 | I229: 0.67857143 | J229: 0.32142857 | K229: OK | L229: SPX 12/19/25 P6850 Index | M229: 86 | N229: 84.6 | O229: 86 | P229: 85.3 | Q229: #N/A N/A | R229: 13.433 | S229: SPX 1/16/26 P6850 Index | T229: 126.21 | U229: 125.1 | V229: 126.6 | W229: 125.85 | X229: #N/A N/A | Y229: 14.35 | Z229: =I229*R229+Y229*J229 -> 13.72775 | AA229: 0.13744321
A230: 45992 | B230: 6812.63 | C230: 6815 | D230: 46010 | E230: 46038 | F230: 30 | G230: 18 | H230: 46 | I230: 0.57142857 | J230: 0.42857143 | K230: OK | L230: SPX 12/19/25 P6815 Index | M230: 79.52 | N230: 81 | O230: 82.3 | P230: 81.65 | Q230: #N/A N/A | R230: 14.026 | S230: SPX 1/16/26 P6815 Index | T230: 122.8 | U230: 123 | V230: 124.5 | W230: 123.75 | X230: #N/A N/A | Y230: 14.773 | Z230: =I230*R230+Y230*J230 -> 14.346143 | AA230: 0.14202714
A231: 45993 | B231: 6829.37 | C231: 6830 | D231: 46010 | E231: 46038 | F231: 30 | G231: 17 | H231: 45 | I231: 0.53571429 | J231: 0.46428571 | K231: OK | L231: SPX 12/19/25 P6830 Index | M231: 77.1 | N231: 74.9 | O231: 76.4 | P231: 75.65 | Q231: #N/A N/A | R231: 13.399 | S231: SPX 1/16/26 P6830 Index | T231: 116.92 | U231: 118.7 | V231: 120.2 | W231: 119.45 | X231: #N/A N/A | Y231: 14.414 | Z231: =I231*R231+Y231*J231 -> 13.87025 | AA231: 0.13826161
A232: 45994 | B232: 6849.72 | C232: 6850 | D232: 46010 | E232: 46038 | F232: 30 | G232: 16 | H232: 44 | I232: 0.5 | J232: 0.5 | K232: OK | L232: SPX 12/19/25 P6850 Index | M232: 70.1 | N232: 68.6 | O232: 70.3 | P232: 69.45 | Q232: #N/A N/A | R232: 12.996 | S232: SPX 1/16/26 P6850 Index | T232: 115.27 | U232: 113.4 | V232: 115.4 | W232: 114.4 | X232: #N/A N/A | Y232: 14.206 | Z232: =I232*R232+Y232*J232 -> 13.601 | AA232: 0.135095
A233: 45995 | B233: 6857.12 | C233: 6855 | D233: 46010 | E233: 46038 | F233: 30 | G233: 15 | H233: 43 | I233: 0.46428571 | J233: 0.53571429 | K233: OK | L233: SPX 12/19/25 P6855 Index | M233: 66.5 | N233: 65.7 | O233: 67.2 | P233: 66.45 | Q233: #N/A N/A | R233: 12.791 | S233: SPX 1/16/26 P6855 Index | T233: 116.64 | U233: 110.7 | V233: 112.4 | W233: 111.55 | X233: #N/A N/A | Y233: 13.933 | Z233: =I233*R233+Y233*J233 -> 13.402786 | AA233: 0.13295018
A234: 45996 | B234: 6870.4 | C234: 6870 | D234: 46010 | E234: 46038 | F234: 30 | G234: 14 | H234: 42 | I234: 0.42857143 | J234: 0.57142857 | K234: OK | L234: SPX 12/19/25 P6870 Index | M234: 61.71 | N234: 61.6 | O234: 63.1 | P234: 62.35 | Q234: #N/A N/A | R234: 12.388 | S234: SPX 1/16/26 P6870 Index | T234: 109.29 | U234: 107.2 | V234: 108.9 | W234: 108.05 | X234: #N/A N/A | Y234: 13.682 | Z234: =I234*R234+Y234*J234 -> 13.127429 | AA234: 0.13020929
A235: 45999 | B235: 6846.51 | C235: 6845 | D235: 46010 | E235: 46038 | F235: 30 | G235: 11 | H235: 39 | I235: 0.32142857 | J235: 0.67857143 | K235: OK | L235: SPX 12/19/25 P6845 Index | M235: 61.71 | N235: 56.7 | O235: 58 | P235: 57.35 | Q235: #N/A N/A | R235: 13.175 | S235: SPX 1/16/26 P6845 Index | T235: 115 | U235: 104.4 | V235: 105.8 | W235: 105.1 | X235: #N/A N/A | Y235: 14.132 | Z235: =I235*R235+Y235*J235 -> 13.824393 | AA235: 0.13725732
A236: 46000 | B236: 6840.51 | C236: 6840 | D236: 46010 | E236: 46038 | F236: 30 | G236: 10 | H236: 38 | I236: 0.28571429 | J236: 0.71428571 | K236: OK | L236: SPX 12/19/25 P6840 Index | M236: 59.8 | N236: 60.2 | O236: 61.6 | P236: 60.9 | Q236: #N/A N/A | R236: 13.485 | S236: SPX 1/16/26 P6840 Index | T236: 104.23 | U236: 109.1 | V236: 110.5 | W236: 109.8 | X236: #N/A N/A | Y236: 14.281 | Z236: =I236*R236+Y236*J236 -> 14.053571 | AA236: 0.13932429
A237: 46001 | B237: 6886.68 | C237: 6885 | D237: 46010 | E237: 46038 | F237: 30 | G237: 9 | H237: 37 | I237: 0.25 | J237: 0.75 | K237: OK | L237: SPX 12/19/25 P6885 Index | M237: 52 | N237: 50.4 | O237: 51.6 | P237: 51 | Q237: #N/A N/A | R237: 12.626 | S237: SPX 1/16/26 P6885 Index | T237: 96.2 | U237: 99.2 | V237: 100.6 | W237: 99.9 | X237: #N/A N/A | Y237: 13.55 | Z237: =I237*R237+Y237*J237 -> 13.319 | AA237: 0.130055
A238: 46002 | B238: 6901 | C238: 6900 | D238: 46010 | E238: 46038 | F238: 30 | G238: 8 | H238: 36 | I238: 0.21428571 | J238: 0.78571429 | K238: OK | L238: SPX 12/19/25 P6900 Index | M238: 39.33 | N238: 34 | O238: 35.1 | P238: 34.55 | Q238: #N/A N/A | R238: 11.157 | S238: SPX 1/16/26 P6900 Index | T238: 91.8 | U238: 84.9 | V238: 86.6 | W238: 85.75 | X238: #N/A N/A | Y238: 12.802 | Z238: =I238*R238+Y238*J238 -> 12.4495 | AA238: 0.12347821
A239: 46003 | B239: 6827.41 | C239: 6825 | D239: 46010 | E239: 46038 | F239: 30 | G239: 7 | H239: 35 | I239: 0.17857143 | J239: 0.82142857 | K239: OK | L239: SPX 12/19/25 P6825 Index | M239: 42.8 | N239: 42.1 | O239: 43 | P239: 42.55 | Q239: #N/A N/A | R239: 12.441 | S239: SPX 1/16/26 P6825 Index | T239: 94.14 | U239: 92.8 | V239: 94.3 | W239: 93.55 | X239: #N/A N/A | Y239: 13.328 | Z239: =I239*R239+Y239*J239 -> 13.169607 | AA239: 0.13106554
A240: 46006 | B240: 6816.51 | C240: 6815 | D240: 46010 | E240: 46038 | F240: 30 | G240: 4 | H240: 32 | I240: 0.071428571 | J240: 0.92857143 | K240: OK | L240: SPX 12/19/25 P6815 Index | M240: 36.72 | N240: 35.3 | O240: 36.2 | P240: 35.75 | Q240: #N/A N/A | R240: 12.308 | S240: SPX 1/16/26 P6815 Index | T240: 91.9 | U240: 89.9 | V240: 91.5 | W240: 90.7 | X240: #N/A N/A | Y240: 13.405 | Z240: =I240*R240+Y240*J240 -> 13.326643 | AA240: 0.13197643
... A246: 46014 | B246: 6909.79 | C246: 6910 | D246: 46038 | E246: 46073 | F246: 30 | G246: 24 | H246: 59 | I246: 0.82857143 | J246: 0.17142857 | K246: OK | L246: SPX 1/16/26 P6910 Index | M246: 68.56 | N246: 68.1 | O246: 69.5 | P246: 68.8 | Q246: #N/A N/A | R246: 10.847 | S246: SPX 2/20/26 P6910 Index | T246: 119.47 | U246: 121.5 | V246: 123.1 | W246: 122.3 | X246: #N/A N/A | Y246: 12.89 | Z246: =I246*R246+Y246*J246 -> 11.197229 | AA246: 0.111272
A247: 46015 | B247: 6932.05 | C247: 6930 | D247: 46038 | E247: 46073 | F247: 30 | G247: 23 | H247: 58 | I247: 0.8 | J247: 0.2 | K247: OK | L247: SPX 1/16/26 P6930 Index | M247: 63.1 | N247: 63.8 | O247: 64.6 | P247: 64.2 | Q247: #N/A N/A | R247: 10.706 | S247: SPX 2/20/26 P6930 Index | T247: #N/A N/A | U247: 119.1 | V247: 120.2 | W247: 119.65 | X247: #N/A N/A | Y247: 12.906 | Z247: =I247*R247+Y247*J247 -> 11.146 | AA247: 0.110648
A248: 46017 | B248: 6929.94 | C248: 6930 | D248: 46038 | E248: 46073 | F248: 30 | G248: 21 | H248: 56 | I248: 0.74285714 | J248: 0.25714286 | K248: OK | L248: SPX 1/16/26 P6930 Index | M248: 61.1 | N248: 61 | O248: 62.2 | P248: 61.6 | Q248: #N/A N/A | R248: 10.484 | S248: SPX 2/20/26 P6930 Index | T248: 118 | U248: 118.2 | V248: 119.8 | W248: 119 | X248: #N/A N/A | Y248: 12.875 | Z248: =I248*R248+Y248*J248 -> 11.098829 | AA248: 0.10994329
A249: 46020 | B249: 6905.74 | C249: 6905 | D249: 46038 | E249: 46073 | F249: 30 | G249: 18 | H249: 53 | I249: 0.65714286 | J249: 0.34285714 | K249: OK | L249: SPX 1/16/26 P6905 Index | M249: 57.9 | N249: 56.7 | O249: 58.1 | P249: 57.4 | Q249: #N/A N/A | R249: 10.473 | S249: SPX 2/20/26 P6905 Index | T249: 122.9 | U249: 113.8 | V249: 115.3 | W249: 114.55 | X249: #N/A N/A | Y249: 12.816 | Z249: =I249*R249+Y249*J249 -> 11.276314 | AA249: 0.11226171
A250: 46021 | B250: 6896.24 | C250: 6895 | D250: 46038 | E250: 46073 | F250: 30 | G250: 17 | H250: 52 | I250: 0.62857143 | J250: 0.37142857 | K250: OK | L250: SPX 1/16/26 P6895 Index | M250: 56.23 | N250: 55.6 | O250: 56.9 | P250: 56.25 | Q250: #N/A N/A | R250: 10.743 | S250: SPX 2/20/26 P6895 Index | T250: 110.85 | U250: 113 | V250: 114.6 | W250: 113.8 | X250: #N/A N/A | Y250: 12.96 | Z250: =I250*R250+Y250*J250 -> 11.566457 | AA250: 0.11477371
A251: 46022 | B251: 6845.5 | C251: 6845 | D251: 46038 | E251: 46073 | F251: 30 | G251: 16 | H251: 51 | I251: 0.6 | J251: 0.4 | K251: OK | L251: SPX 1/16/26 P6845 Index | M251: 58.45 | N251: 57.7 | O251: 59 | P251: 58.35 | Q251: #N/A N/A | R251: 11.635 | S251: SPX 2/20/26 P6845 Index | T251: 100.71 | U251: 114.2 | V251: 115.8 | W251: 115 | X251: #N/A N/A | Y251: 13.364 | Z251: =I251*R251+Y251*J251 -> 12.3266 | AA251: 0.122406

Sheet IV
A1: Date | B1: IV_30D_Call(%) | C1: IV_30D_Put(%) | D1: IV_30D=(B2+C2)/2 | E1: Proxy=C2-B2(%)
A2: 45659 | B2: =VLOOKUP(A2, Call!A:Z, 26, FALSE) -> 14.337 | C2: =VLOOKUP(A2, Put!A:Z, 26, FALSE) -> 14.475429 | D2: =(B2+C2)/200 -> 0.14406214 | E2: =C2-B2 -> 0.13842857
A3: 45660 | B3: =VLOOKUP(A3, Call!A:Z, 26, FALSE) -> 12.571114 | C3: =VLOOKUP(A3, Put!A:Z, 26, FALSE) -> 12.941371 | D3: =(B3+C3)/200 -> 0.12756243 | E3: =C3-B3 -> 0.37025714
A4: 45663 | B4: =VLOOKUP(A4, Call!A:Z, 26, FALSE) -> 12.598857 | C4: =VLOOKUP(A4, Put!A:Z, 26, FALSE) -> 13.037486 | D4: =(B4+C4)/200 -> 0.12818171 | E4: =C4-B4 -> 0.43862857
A5: 45664 | B5: =VLOOKUP(A5, Call!A:Z, 26, FALSE) -> 14.369143 | C5: =VLOOKUP(A5, Put!A:Z, 26, FALSE) -> 14.670571 | D5: =(B5+C5)/200 -> 0.14519857 | E5: =C5-B5 -> 0.30142857
A6: 45665 | B6: =VLOOKUP(A6, Call!A:Z, 26, FALSE) -> 14.3038 | C6: =VLOOKUP(A6, Put!A:Z, 26, FALSE) -> 14.5744 | D6: =(B6+C6)/200 -> 0.144391 | E6: =C6-B6 -> 0.2706
A7: 45667 | B7: =VLOOKUP(A7, Call!A:Z, 26, FALSE) -> 15.8656 | C7: =VLOOKUP(A7, Put!A:Z, 26, FALSE) -> 15.908029 | D7: =(B7+C7)/200 -> 0.15886814 | E7: =C7-B7 -> 0.042428571
A8: 45670 | B8: =VLOOKUP(A8, Call!A:Z, 26, FALSE) -> 15.599229 | C8: =VLOOKUP(A8, Put!A:Z, 26, FALSE) -> 15.665629 | D8: =(B8+C8)/200 -> 0.15632429 | E8: =C8-B8 -> 0.0664
A9: 45671 | B9: =VLOOKUP(A9, Call!A:Z, 26, FALSE) -> 15.548971 | C9: =VLOOKUP(A9, Put!A:Z, 26, FALSE) -> 16.058971 | D9: =(B9+C9)/200 -> 0.15803971 | E9: =C9-B9 -> 0.51
A10: 45672 | B10: =VLOOKUP(A10, Call!A:Z, 26, FALSE) -> 12.576 | C10: =VLOOKUP(A10, Put!A:Z, 26, FALSE) -> 12.8656 | D10: =(B10+C10)/200 -> 0.127208 | E10: =C10-B10 -> 0.2896
A11: 45673 | B11: =VLOOKUP(A11, Call!A:Z, 26, FALSE) -> 12.569286 | C11: =VLOOKUP(A11, Put!A:Z, 26, FALSE) -> 12.520571 | D11: =(B11+C11)/200 -> 0.12544929 | E11: =C11-B11 -> -0.048714286
A12: 45674 | B12: =VLOOKUP(A12, Call!A:Z, 26, FALSE) -> 12.862 | C12: =VLOOKUP(A12, Put!A:Z, 26, FALSE) -> 13.061 | D12: =(B12+C12)/200 -> 0.129615 | E12: =C12-B12 -> 0.199
A13: 45678 | B13: =VLOOKUP(A13, Call!A:Z, 26, FALSE) -> 11.612 | C13: =VLOOKUP(A13, Put!A:Z, 26, FALSE) -> 11.864 | D13: =(B13+C13)/200 -> 0.11738 | E13: =C13-B13 -> 0.252
... A251: 46022 | B251: =VLOOKUP(A251, Call!A:Z, 26, FALSE) -> 12.1546 | C251: =VLOOKUP(A251, Put!A:Z, 26, FALSE) -> 12.3266 | D251: =(B251+C251)/200 -> 0.122406 | E251: =C251-B251 -> 0.172

Sheet Straddle
A1: Date | B1: Front_Call_Mid | C1: Front_Put_Mid | D1: Next_Call_Mid | E1: Next_Put_Mid | F1: Front_Straddle | G1: Next_Straddle | H1: Weighted_Front | I1: Weighted_N | J1: 30D Constant-Maturity Straddle | K1: PnL | L1: Return | M1: Cumulative PnL
A2: 45659 | B2: =VLOOKUP(A2, Call!A:P, 16, FALSE) -> 75.8 | C2: =VLOOKUP(A2, Put!A:P, 16, FALSE) -> 63.25 | D2: =VLOOKUP(A2, Call!A:W, 23, FALSE) -> 141.2 | E2: =VLOOKUP(A2, Put!A:W, 23, FALSE) -> 108 | F2: =B2+C2 -> 139.05 | G2: =D2+E2 -> 249.2 | H2: =VLOOKUP(A2, Call!A:I, 9, FALSE) -> 0.57142857 | I2: =VLOOKUP(A2, Call!A:J, 10, FALSE) -> 0.42857143 | J2: =F2*H2+G2*I2 -> 186.25714 | K2: 0 | L2: 0 | M2: 0
A3: 45660 | B3: =VLOOKUP(A3, Call!A:P, 16, FALSE) -> 61.55 | C3: =VLOOKUP(A3, Put!A:P, 16, FALSE) -> 53.95 | D3: =VLOOKUP(A3, Call!A:W, 23, FALSE) -> 128.8 | E3: =VLOOKUP(A3, Put!A:W, 23, FALSE) -> 100.3 | F3: =B3+C3 -> 115.5 | G3: =D3+E3 -> 229.1 | H3: =VLOOKUP(A3, Call!A:I, 9, FALSE) -> 0.54285714 | I3: =VLOOKUP(A3, Call!A:J, 10, FALSE) -> 0.45714286 | J3: =F3*H3+G3*I3 -> 167.43143 | K3: =J3-J2 -> -18.825714 | L3: =(J3-J2)/J2 -> -0.10107378 | M3: =M2 + K3 -> -18.825714
A4: 45663 | B4: =VLOOKUP(A4, Call!A:P, 16, FALSE) -> 60.25 | C4: =VLOOKUP(A4, Put!A:P, 16, FALSE) -> 44.9 | D4: =VLOOKUP(A4, Call!A:W, 23, FALSE) -> 127.95 | E4: =VLOOKUP(A4, Put!A:W, 23, FALSE) -> 91.85 | F4: =B4+C4 -> 105.15 | G4: =D4+E4 -> 219.8 | H4: =VLOOKUP(A4, Call!A:I, 9, FALSE) -> 0.45714286 | I4: =VLOOKUP(A4, Call!A:J, 10, FALSE) -> 0.54285714 | J4: =F4*H4+G4*I4 -> 167.38857 | K4: =J4-J3 -> -0.042857143 | L4: =(J4-J3)/J3 -> -0.00025596833 | M4: =M3 + K4 -> -18.868571
A5: 45664 | B5: =VLOOKUP(A5, Call!A:P, 16, FALSE) -> 59.95 | C5: =VLOOKUP(A5, Put!A:P, 16, FALSE) -> 53.2 | D5: =VLOOKUP(A5, Call!A:W, 23, FALSE) -> 131.4 | E5: =VLOOKUP(A5, Put!A:W, 23, FALSE) -> 104.1 | F5: =B5+C5 -> 113.15 | G5: =D5+E5 -> 235.5 | H5: =VLOOKUP(A5, Call!A:I, 9, FALSE) -> 0.42857143 | I5: =VLOOKUP(A5, Call!A:J, 10, FALSE) -> 0.57142857 | J5: =F5*H5+G5*I5 -> 183.06429 | K5: =J5-J4 -> 15.675714 | L5: =(J5-J4)/J4 -> 0.093648653 | M5: =M4 + K5 -> -3.1928571
A6: 45665 | B6: =VLOOKUP(A6, Call!A:P, 16, FALSE) -> 52.1 | C6: =VLOOKUP(A6, Put!A:P, 16, FALSE) -> 53.55 | D6: =VLOOKUP(A6, Call!A:W, 23, FALSE) -> 124.4 | E6: =VLOOKUP(A6, Put!A:W, 23, FALSE) -> 106 | F6: =B6+C6 -> 105.65 | G6: =D6+E6 -> 230.4 | H6: =VLOOKUP(A6, Call!A:I, 9, FALSE) -> 0.4 | I6: =VLOOKUP(A6, Call!A:J, 10, FALSE) -> 0.6 | J6: =F6*H6+G6*I6 -> 180.5 | K6: =J6-J5 -> -2.5642857 | L6: =(J6-J5)/J5 -> -0.01400757 | M6: =M5 + K6 -> -5.7571429
A7: 45667 | B7: =VLOOKUP(A7, Call!A:P, 16, FALSE) -> 52.6 | C7: =VLOOKUP(A7, Put!A:P, 16, FALSE) -> 51.3 | D7: =VLOOKUP(A7, Call!A:W, 23, FALSE) -> 132 | E7: =VLOOKUP(A7, Put!A:W, 23, FALSE) -> 111.15 | F7: =B7+C7 -> 103.9 | G7: =D7+E7 -> 243.15 | H7: =VLOOKUP(A7, Call!A:I, 9, FALSE) -> 0.34285714 | I7: =VLOOKUP(A7, Call!A:J, 10, FALSE) -> 0.65714286 | J7: =F7*H7+G7*I7 -> 195.40714 | K7: =J7-J6 -> 14.907143 | L7: =(J7-J6)/J6 -> 0.082588049 | M7: =M6 + K7 -> 9.15
A8: 45670 | B8: =VLOOKUP(A8, Call!A:P, 16, FALSE) -> 52.9 | C8: =VLOOKUP(A8, Put!A:P, 16, FALSE) -> 41.4 | D8: =VLOOKUP(A8, Call!A:W, 23, FALSE) -> 132.3 | E8: =VLOOKUP(A8, Put!A:W, 23, FALSE) -> 101.15 | F8: =B8+C8 -> 94.3 | G8: =D8+E8 -> 233.45 | H8: =VLOOKUP(A8, Call!A:I, 9, FALSE) -> 0.25714286 | I8: =VLOOKUP(A8, Call!A:J, 10, FALSE) -> 0.74285714 | J8: =F8*H8+G8*I8 -> 197.66857 | K8: =J8-J7 -> 2.2614286 | L8: =(J8-J7)/J7 -> 0.011572906 | M8: =M7 + K8 -> 11.411429
A9: 45671 | B9: =VLOOKUP(A9, Call!A:P, 16, FALSE) -> 48.45 | C9: =VLOOKUP(A9, Put!A:P, 16, FALSE) -> 38.5 | D9: =VLOOKUP(A9, Call!A:W, 23, FALSE) -> 128.8 | E9: =VLOOKUP(A9, Put!A:W, 23, FALSE) -> 98.65 | F9: =B9+C9 -> 86.95 | G9: =D9+E9 -> 227.45 | H9: =VLOOKUP(A9, Call!A:I, 9, FALSE) -> 0.22857143 | I9: =VLOOKUP(A9, Call!A:J, 10, FALSE) -> 0.77142857 | J9: =F9*H9+G9*I9 -> 195.33571 | K9: =J9-J8 -> -2.3328571 | L9: =(J9-J8)/J8 -> -0.011801862 | M9: =M8 + K9 -> 9.0785714
A10: 45672 | B10: =VLOOKUP(A10, Call!A:P, 16, FALSE) -> 23.15 | C10: =VLOOKUP(A10, Put!A:P, 16, FALSE) -> 22.15 | D10: =VLOOKUP(A10, Call!A:W, 23, FALSE) -> 107.6 | E10: =VLOOKUP(A10, Put!A:W, 23, FALSE) -> 86.05 | F10: =B10+C10 -> 45.3 | G10: =D10+E10 -> 193.65 | H10: =VLOOKUP(A10, Call!A:I, 9, FALSE) -> 0.2 | I10: =VLOOKUP(A10, Call!A:J, 10, FALSE) -> 0.8 | J10: =F10*H10+G10*I10 -> 163.98 | K10: =J10-J9 -> -31.355714 | L10: =(J10-J9)/J9 -> -0.16052218 | M10: =M9 + K10 -> -22.277143
A11: 45673 | B11: =VLOOKUP(A11, Call!A:P, 16, FALSE) -> 12 | C11: =VLOOKUP(A11, Put!A:P, 16, FALSE) -> 13.2 | D11: =VLOOKUP(A11, Call!A:W, 23, FALSE) -> 105.05 | E11: =VLOOKUP(A11, Put!A:W, 23, FALSE) -> 86.2 | F11: =B11+C11 -> 25.2 | G11: =D11+E11 -> 191.25 | H11: =VLOOKUP(A11, Call!A:I, 9, FALSE) -> 0.17142857 | I11: =VLOOKUP(A11, Call!A:J, 10, FALSE) -> 0.82857143 | J11: =F11*H11+G11*I11 -> 162.78429 | K11: =J11-J10 -> -1.1957143 | L11: =(J11-J10)/J10 -> -0.00729183 | M11: =M10 + K11 -> -23.472857
A12: 45674 | B12: =VLOOKUP(A12, Call!A:P, 16, FALSE) -> 104.25 | C12: =VLOOKUP(A12, Put!A:P, 16, FALSE) -> 82.55 | D12: =VLOOKUP(A12, Call!A:W, 23, FALSE) -> 149.95 | E12: =VLOOKUP(A12, Put!A:W, 23, FALSE) -> 112.8 | F12: =B12+C12 -> 186.8 | G12: =D12+E12 -> 262.75 | H12: =VLOOKUP(A12, Call!A:I, 9, FALSE) -> 1 | I12: =VLOOKUP(A12, Call!A:J, 10, FALSE) -> 0 | J12: =F12*H12+G12*I12 -> 186.8 | K12: =J12-J11 -> 24.015714 | L12: =(J12-J11)/J11 -> 0.14753091 | M12: =M11 + K12 -> 0.54285714
A13: 45678 | B13: =VLOOKUP(A13, Call!A:P, 16, FALSE) -> 96.1 | C13: =VLOOKUP(A13, Put!A:P, 16, FALSE) -> 71.15 | D13: =VLOOKUP(A13, Call!A:W, 23, FALSE) -> 142.35 | E13: =VLOOKUP(A13, Put!A:W, 23, FALSE) -> 100.95 | F13: =B13+C13 -> 167.25 | G13: =D13+E13 -> 243.3 | H13: =VLOOKUP(A13, Call!A:I, 9, FALSE) -> 1 | I13: =VLOOKUP(A13, Call!A:J, 10, FALSE) -> 0 | J13: =F13*H13+G13*I13 -> 167.25 | K13: =J13-J12 -> -19.55 | L13: =(J13-J12)/J12 -> -0.10465739 | M13: =M12 + K13 -> -19.007143
A14: 45679 | B14: =VLOOKUP(A14, Call!A:P, 16, FALSE) -> 89.7 | C14: =VLOOKUP(A14, Put!A:P, 16, FALSE) -> 71.7 | D14: =VLOOKUP(A14, Call!A:W, 23, FALSE) -> 137.7 | E14: =VLOOKUP(A14, Put!A:W, 23, FALSE) -> 102.75 | F14: =B14+C14 -> 161.4 | G14: =D14+E14 -> 240.45 | H14: =VLOOKUP(A14, Call!A:I, 9, FALSE) -> 1 | I14: =VLOOKUP(A14, Call!A:J, 10, FALSE) -> 0 | J14: =F14*H14+G14*I14 -> 161.4 | K14: =J14-J13 -> -5.85 | L14: =(J14-J13)/J13 -> -0.034977578 | M14: =M13 + K14 -> -24.857143
... A251: 46022 | B251: =VLOOKUP(A251, Call!A:P, 16, FALSE) -> 72.15 | C251: =VLOOKUP(A251, Put!A:P, 16, FALSE) -> 58.35 | D251: =VLOOKUP(A251, Call!A:W, 23, FALSE) -> 148.1 | E251: =VLOOKUP(A251, Put!A:W, 23, FALSE) -> 115 | F251: =B251+C251 -> 130.5 | G251: =D251+E251 -> 263.1 | H251: =VLOOKUP(A251, Call!A:I, 9, FALSE) -> 0.6 | I251: =VLOOKUP(A251, Call!A:J, 10, FALSE) -> 0.4 | J251: =F251*H251+G251*I251 -> 183.54 | K251: =J251-J250 -> 6.0657143 | L251: =(J251-J250)/J250 -> 0.03417799 | M251: =M250 + K251 -> -2.7171429

Sheet Delta_interpolation
A1: Date | B1: Underlying (SPX Spot) | C1: ATM Strike | D1: IV_30D(call+put)/2 | E1: RF_1M/100 | F1: T(30/365) | G1: Call delta | H1: Put delta | I1: Straddle delta | J1: Hedge
A2: 45659 | B2: 5868.55 | C2: 5870 | D2: 0.14406214 | E2: 0.042912 | F2: =30/365 -> 0.082191781 | G2: =_xlfn.NORM.S.DIST((LN(B2/C2)+(E2+0.5*(D2)^2)*F2)/(D2*SQRT(F2)),TRUE) -> 0.53985409 | H2: =G2-1 -> -0.46014591 | I2: =G2+H2 -> 0.079708175 | J2: =-I2 -> -0.079708175
A3: 45660 | B3: 5942.47 | C3: 5940 | D3: 0.12756243 | E3: 0.042626 | F3: =30/365 -> 0.082191781 | G3: =_xlfn.NORM.S.DIST((LN(B3/C3)+(E3+0.5*(D3)^2)*F3)/(D3*SQRT(F3)),TRUE) -> 0.54991777 | H3: =G3-1 -> -0.45008223 | I3: =G3+H3 -> 0.099835537 | J3: =-I3 -> -0.099835537
A4: 45663 | B4: 5975.38 | C4: 5975 | D4: 0.12818171 | E4: 0.043106 | F4: =30/365 -> 0.082191781 | G4: =_xlfn.NORM.S.DIST((LN(B4/C4)+(E4+0.5*(D4)^2)*F4)/(D4*SQRT(F4)),TRUE) -> 0.54637808 | H4: =G4-1 -> -0.45362192 | I4: =G4+H4 -> 0.09275615 | J4: =-I4 -> -0.09275615
A5: 45664 | B5: 5909.03 | C5: 5910 | D5: 0.14519857 | E5: 0.043024 | F5: =30/365 -> 0.082191781 | G5: =_xlfn.NORM.S.DIST((LN(B5/C5)+(E5+0.5*(D5)^2)*F5)/(D5*SQRT(F5)),TRUE) -> 0.54055033 | H5: =G5-1 -> -0.45944967 | I5: =G5+H5 -> 0.081100665 | J5: =-I5 -> -0.081100665
A6: 45665 | B6: 5918.25 | C6: 5920 | D6: 0.144391 | E6: 0.042942 | F6: =30/365 -> 0.082191781 | G6: =_xlfn.NORM.S.DIST((LN(B6/C6)+(E6+0.5*(D6)^2)*F6)/(D6*SQRT(F6)),TRUE) -> 0.53935856 | H6: =G6-1 -> -0.46064144 | I6: =G6+H6 -> 0.078717115 | J6: =-I6 -> -0.078717115
A7: 45667 | B7: 5827.04 | C7: 5825 | D7: 0.15886814 | E7: 0.04283 | F7: =30/365 -> 0.082191781 | G7: =_xlfn.NORM.S.DIST((LN(B7/C7)+(E7+0.5*(D7)^2)*F7)/(D7*SQRT(F7)),TRUE) -> 0.54290352 | H7: =G7-1 -> -0.45709648 | I7: =G7+H7 -> 0.085807035 | J7: =-I7 -> -0.085807035
A8: 45670 | B8: 5836.22 | C8: 5835 | D8: 0.15632429 | E8: 0.043055 | F8: =30/365 -> 0.082191781 | G8: =_xlfn.NORM.S.DIST((LN(B8/C8)+(E8+0.5*(D8)^2)*F8)/(D8*SQRT(F8)),TRUE) -> 0.54222229 | H8: =G8-1 -> -0.45777771 | I8: =G8+H8 -> 0.084444585 | J8: =-I8 -> -0.084444585
A9: 45671 | B9: 5842.91 | C9: 5845 | D9: 0.15803971 | E9: 0.042998 | F9: =30/365 -> 0.082191781 | G9: =_xlfn.NORM.S.DIST((LN(B9/C9)+(E9+0.5*(D9)^2)*F9)/(D9*SQRT(F9)),TRUE) -> 0.53695339 | H9: =G9-1 -> -0.46304661 | I9: =G9+H9 -> 0.073906781 | J9: =-I9 -> -0.073906781
A10: 45672 | B10: 5949.91 | C10: 5950 | D10: 0.127208 | E10: 0.042917 | F10: =30/365 -> 0.082191781 | G10: =_xlfn.NORM.S.DIST((LN(B10/C10)+(E10+0.5*(D10)^2)*F10)/(D10*SQRT(F10)),TRUE) -> 0.54559624 | H10: =G10-1 -> -0.45440376 | I10: =G10+H10 -> 0.091192477 | J10: =-I10 -> -0.091192477
A11: 45673 | B11: 5937.34 | C11: 5935 | D11: 0.12544929 | E11: 0.042963 | F11: =30/365 -> 0.082191781 | G11: =_xlfn.NORM.S.DIST((LN(B11/C11)+(E11+0.5*(D11)^2)*F11)/(D11*SQRT(F11)),TRUE) -> 0.55058005 | H11: =G11-1 -> -0.44941995 | I11: =G11+H11 -> 0.10116011 | J11: =-I11 -> -0.10116011
A12: 45674 | B12: 5996.66 | C12: 5995 | D12: 0.129615 | E12: 0.043004 | F12: =30/365 -> 0.082191781 | G12: =_xlfn.NORM.S.DIST((LN(B12/C12)+(E12+0.5*(D12)^2)*F12)/(D12*SQRT(F12)),TRUE) -> 0.54821365 | H12: =G12-1 -> -0.45178635 | I12: =G12+H12 -> 0.096427307 | J12: =-I12 -> -0.096427307
A13: 45678 | B13: 6049.24 | C13: 6050 | D13: 0.11738 | E13: 0.042998 | F13: =30/365 -> 0.082191781 | G13: =_xlfn.NORM.S.DIST((LN(B13/C13)+(E13+0.5*(D13)^2)*F13)/(D13*SQRT(F13)),TRUE) -> 0.54701048 | H13: =G13-1 -> -0.45298952 | I13: =G13+H13 -> 0.094020964 | J13: =-I13 -> -0.094020964
... A251: 46022 | B251: 6845.5 | C251: 6845 | D251: 0.122406 | E251: 0.035904 | F251: =30/365 -> 0.082191781 | G251: =_xlfn.NORM.S.DIST((LN(B251/C251)+(E251+0.5*(D251)^2)*F251)/(D251*SQRT(F251)),TRUE) -> 0.54130411 | H251: =G251-1 -> -0.45869589 | I251: =G251+H251 -> 0.082608227 | J251: =-I251 -> -0.082608227

Sheet Delta_Trading
A1: Date | B1: Underlying (SPX Spot) | C1: ATM Strike | D1: DTE_F = FrontExp - Date | E1: DTE_N = NextExp - Date | F1: IV_Front | G1: IV_Next | H1: RF_1M/100 | I1: Front_Call_Delta | J1: Next_Call_Delta | K1: Call Delta（Trading） | L1: Put Delta (Trading) | M1: Straddle Delta | N1: Hedge
A2: 45659 | B2: 5868.55 | C2: 5870 | D2: 15 | E2: 50 | F2: 14.31 | G2: 14.373 | H2: 0.042912 | I2: =_xlfn.NORM.S.DIST((LN(B2/C2)+(H2+0.5*(F2/100)^2)*(D2/365))/((F2/100)*SQRT(D2/365)),TRUE) -> 0.52662133 | J2: =_xlfn.NORM.S.DIST((LN(B2/C2)+(H2+0.5*(G2/100)^2)*(E2/365))/((G2/100)*SQRT(E2/365)),TRUE) -> 0.55268831 | K2: =IF(ABS(D2-30)<ABS(E2-30), I2, J2) -> 0.52662133 | L2: =K2-1 -> -0.47337867 | M2: =K2+L2 -> 0.053242669 | N2: =-M2 -> -0.053242669
A3: 45660 | B3: 5942.47 | C3: 5940 | D3: 14 | E3: 49 | F3: 12.103 | G3: 13.127 | H3: 0.042626 | I3: =_xlfn.NORM.S.DIST((LN(B3/C3)+(H3+0.5*(F3/100)^2)*(D3/365))/((F3/100)*SQRT(D3/365)),TRUE) -> 0.53917959 | J3: =_xlfn.NORM.S.DIST((LN(B3/C3)+(H3+0.5*(G3/100)^2)*(E3/365))/((G3/100)*SQRT(E3/365)),TRUE) -> 0.56027583 | K3: =IF(ABS(D3-30)<ABS(E3-30), I3, J3) -> 0.53917959 | L3: =K3-1 -> -0.46082041 | M3: =K3+L3 -> 0.078359179 | N3: =-M3 -> -0.078359179
A4: 45663 | B4: 5975.38 | C4: 5975 | D4: 11 | E4: 46 | F4: 12.246 | G4: 12.896 | H4: 0.043106 | I4: =_xlfn.NORM.S.DIST((LN(B4/C4)+(H4+0.5*(F4/100)^2)*(D4/365))/((F4/100)*SQRT(D4/365)),TRUE) -> 0.52978458 | J4: =_xlfn.NORM.S.DIST((LN(B4/C4)+(H4+0.5*(G4/100)^2)*(E4/365))/((G4/100)*SQRT(E4/365)),TRUE) -> 0.55683229 | K4: =IF(ABS(D4-30)<ABS(E4-30), I4, J4) -> 0.55683229 | L4: =K4-1 -> -0.44316771 | M4: =K4+L4 -> 0.11366458 | N4: =-M4 -> -0.11366458
A5: 45664 | B5: 5909.03 | C5: 5910 | D5: 10 | E5: 45 | F5: 14.436 | G5: 14.319 | H5: 0.043024 | I5: =_xlfn.NORM.S.DIST((LN(B5/C5)+(H5+0.5*(F5/100)^2)*(D5/365))/((F5/100)*SQRT(D5/365)),TRUE) -> 0.5216952 | J5: =_xlfn.NORM.S.DIST((LN(B5/C5)+(H5+0.5*(G5/100)^2)*(E5/365))/((G5/100)*SQRT(E5/365)),TRUE) -> 0.55067831 | K5: =IF(ABS(D5-30)<ABS(E5-30), I5, J5) -> 0.55067831 | L5: =K5-1 -> -0.44932169 | M5: =K5+L5 -> 0.10135662 | N5: =-M5 -> -0.10135662
A6: 45665 | B6: 5918.25 | C6: 5920 | D6: 9 | E6: 44 | F6: 14.503 | G6: 14.171 | H6: 0.042942 | I6: =_xlfn.NORM.S.DIST((LN(B6/C6)+(H6+0.5*(F6/100)^2)*(D6/365))/((F6/100)*SQRT(D6/365)),TRUE) -> 0.51790605 | J6: =_xlfn.NORM.S.DIST((LN(B6/C6)+(H6+0.5*(G6/100)^2)*(E6/365))/((G6/100)*SQRT(E6/365)),TRUE) -> 0.54926438 | K6: =IF(ABS(D6-30)<ABS(E6-30), I6, J6) -> 0.54926438 | L6: =K6-1 -> -0.45073562 | M6: =K6+L6 -> 0.098528762 | N6: =-M6 -> -0.098528762
A7: 45667 | B7: 5827.04 | C7: 5825 | D7: 7 | E7: 42 | F7: 16.298 | G7: 15.64 | H7: 0.04283 | I7: =_xlfn.NORM.S.DIST((LN(B7/C7)+(H7+0.5*(F7/100)^2)*(D7/365))/((F7/100)*SQRT(D7/365)),TRUE) -> 0.52519316 | J7: =_xlfn.NORM.S.DIST((LN(B7/C7)+(H7+0.5*(G7/100)^2)*(E7/365))/((G7/100)*SQRT(E7/365)),TRUE) -> 0.55014243 | K7: =IF(ABS(D7-30)<ABS(E7-30), I7, J7) -> 0.55014243 | L7: =K7-1 -> -0.44985757 | M7: =K7+L7 -> 0.10028485 | N7: =-M7 -> -0.10028485
A8: 45670 | B8: 5836.22 | C8: 5835 | D8: 4 | E8: 39 | F8: 16.767 | G8: 15.195 | H8: 0.043055 | I8: =_xlfn.NORM.S.DIST((LN(B8/C8)+(H8+0.5*(F8/100)^2)*(D8/365))/((F8/100)*SQRT(D8/365)),TRUE) -> 0.51896984 | J8: =_xlfn.NORM.S.DIST((LN(B8/C8)+(H8+0.5*(G8/100)^2)*(E8/365))/((G8/100)*SQRT(E8/365)),TRUE) -> 0.54841763 | K8: =IF(ABS(D8-30)<ABS(E8-30), I8, J8) -> 0.54841763 | L8: =K8-1 -> -0.45158237 | M8: =K8+L8 -> 0.096835266 | N8: =-M8 -> -0.096835266
A9: 45671 | B9: 5842.91 | C9: 5845 | D9: 3 | E9: 38 | F9: 17.26 | G9: 15.042 | H9: 0.042998 | I9: =_xlfn.NORM.S.DIST((LN(B9/C9)+(H9+0.5*(F9/100)^2)*(D9/365))/((F9/100)*SQRT(D9/365)),TRUE) -> 0.50301352 | J9: =_xlfn.NORM.S.DIST((LN(B9/C9)+(H9+0.5*(G9/100)^2)*(E9/365))/((G9/100)*SQRT(E9/365)),TRUE) -> 0.54345109 | K9: =IF(ABS(D9-30)<ABS(E9-30), I9, J9) -> 0.54345109 | L9: =K9-1 -> -0.45654891 | M9: =K9+L9 -> 0.086902185 | N9: =-M9 -> -0.086902185
A10: 45672 | B10: 5949.91 | C10: 5950 | D10: 2 | E10: 37 | F10: 11.536 | G10: 12.836 | H10: 0.042917 | I10: =_xlfn.NORM.S.DIST((LN(B10/C10)+(H10+0.5*(F10/100)^2)*(D10/365))/((F10/100)*SQRT(D10/365)),TRUE) -> 0.51198121 | J10: =_xlfn.NORM.S.DIST((LN(B10/C10)+(H10+0.5*(G10/100)^2)*(E10/365))/((G10/100)*SQRT(E10/365)),TRUE) -> 0.55033825 | K10: =IF(ABS(D10-30)<ABS(E10-30), I10, J10) -> 0.55033825 | L10: =K10-1 -> -0.44966175 | M10: =K10+L10 -> 0.1006765 | N10: =-M10 -> -0.1006765
A11: 45673 | B11: 5937.34 | C11: 5935 | D11: 1 | E11: 36 | F11: 10.444 | G11: 13.009 | H11: 0.042963 | I11: =_xlfn.NORM.S.DIST((LN(B11/C11)+(H11+0.5*(F11/100)^2)*(D11/365))/((F11/100)*SQRT(D11/365)),TRUE) -> 0.53838827 | J11: =_xlfn.NORM.S.DIST((LN(B11/C11)+(H11+0.5*(G11/100)^2)*(E11/365))/((G11/100)*SQRT(E11/365)),TRUE) -> 0.55321747 | K11: =IF(ABS(D11-30)<ABS(E11-30), I11, J11) -> 0.55321747 | L11: =K11-1 -> -0.44678253 | M11: =K11+L11 -> 0.10643494 | N11: =-M11 -> -0.10643494
A12: 45674 | B12: 5996.66 | C12: 5995 | D12: 35 | E12: 63 | F12: 12.862 | G12: 13.145 | H12: 0.043004 | I12: =_xlfn.NORM.S.DIST((LN(B12/C12)+(H12+0.5*(F12/100)^2)*(D12/365))/((F12/100)*SQRT(D12/365)),TRUE) -> 0.55187532 | J12: =_xlfn.NORM.S.DIST((LN(B12/C12)+(H12+0.5*(G12/100)^2)*(E12/365))/((G12/100)*SQRT(E12/365)),TRUE) -> 0.56682316 | K12: =IF(ABS(D12-30)<ABS(E12-30), I12, J12) -> 0.55187532 | L12: =K12-1 -> -0.44812468 | M12: =K12+L12 -> 0.10375065 | N12: =-M12 -> -0.10375065
A13: 45678 | B13: 6049.24 | C13: 6050 | D13: 31 | E13: 59 | F13: 11.612 | G13: 12.125 | H13: 0.042998 | I13: =_xlfn.NORM.S.DIST((LN(B13/C13)+(H13+0.5*(F13/100)^2)*(D13/365))/((F13/100)*SQRT(D13/365)),TRUE) -> 0.54820264 | J13: =_xlfn.NORM.S.DIST((LN(B13/C13)+(H13+0.5*(G13/100)^2)*(E13/365))/((G13/100)*SQRT(E13/365)),TRUE) -> 0.56528127 | K13: =IF(ABS(D13-30)<ABS(E13-30), I13, J13) -> 0.54820264 | L13: =K13-1 -> -0.45179736 | M13: =K13+L13 -> 0.096405271 | N13: =-M13 -> -0.096405271
... A251: 46022 | B251: 6845.5 | C251: 6845 | D251: 16 | E251: 51 | F251: 11.523 | G251: 13.102 | H251: 0.035904 | I251: =_xlfn.NORM.S.DIST((LN(B251/C251)+(H251+0.5*(F251/100)^2)*(D251/365))/((F251/100)*SQRT(D251/365)),TRUE) -> 0.5320114 | J251: =_xlfn.NORM.S.DIST((LN(B251/C251)+(H251+0.5*(G251/100)^2)*(E251/365))/((G251/100)*SQRT(E251/365)),TRUE) -> 0.55108892 | K251: =IF(ABS(D251-30)<ABS(E251-30), I251, J251) -> 0.5320114 | L251: =K251-1 -> -0.4679886 | M251: =K251+L251 -> 0.064022796 | N251: =-M251 -> -0.064022796

Sheet Pnl_interpolation
A1: Date | B1: PnL | C1: Return | D1: Cumulative PnL
A2: 45659 | B2: 0 | C2: 0 | D2: 0
A3: 45660 | B3: -18.825714 | C3: -0.10107378 | D3: -18.825714
A4: 45663 | B4: -0.042857143 | C4: -0.00025596833 | D4: -18.868571
A5: 45664 | B5: 15.675714 | C5: 0.093648653 | D5: -3.1928571
A6: 45665 | B6: -2.5642857 | C6: -0.01400757 | D6: -5.7571429
A7: 45667 | B7: 14.907143 | C7: 0.082588049 | D7: 9.15
A8: 45670 | B8: 2.2614286 | C8: 0.011572906 | D8: 11.411429
A9: 45671 | B9: -2.3328571 | C9: -0.011801862 | D9: 9.0785714
A10: 45672 | B10: -31.355714 | C10: -0.16052218 | D10: -22.277143
A11: 45673 | B11: -1.1957143 | C11: -0.00729183 | D11: -23.472857
A12: 45674 | B12: 24.015714 | C12: 0.14753091 | D12: 0.54285714
A13: 45678 | B13: -19.55 | C13: -0.10465739 | D13: -19.007143
... A251: 46022 | B251: 6.0657143 | C251: 0.03417799 | D251: -2.7171429

Sheet Pnl_Trading
A1: Date | B1: Underlying (SPX Spot) | C1: ATM Strike | D1: DTE_F = FrontExp - Date | E1: DTE_N = NextExp - Date | F1: Front_Straddle | G1: Next_Straddle | H1: Call Delta（Trading） | I1: Put Delta (Trading) | J1: Hedge | K1: Trading Straddle | L1: Straddle PnL | M1: Hedge PnL | N1: Total PnL | O1: Cumulative PnL
A2: 45659 | B2: 5868.55 | C2: 5870 | D2: 15 | E2: 50 | F2: 139.05 | G2: 249.2 | H2: 0.52662133 | I2: -0.47337867 | J2: -0.053242669 | K2: =IF(ABS(D2-30)<ABS(E2-30), F2, G2) -> 139.05 | O2: 0
A3: 45660 | B3: 5942.47 | C3: 5940 | D3: 14 | E3: 49 | F3: 115.5 | G3: 229.1 | H3: 0.53917959 | I3: -0.46082041 | J3: -0.078359179 | K3: =IF(ABS(D3-30)<ABS(E3-30), F3, G3) -> 115.5 | L3: =K3 - K2 -> -23.55 | M3: =J2 * (B3 - B2) -> -3.9356981 | N3: =L3 + M3 -> -27.485698 | O3: =O2 + N3 -> -27.485698
A4: 45663 | B4: 5975.38 | C4: 5975 | D4: 11 | E4: 46 | F4: 105.15 | G4: 219.8 | H4: 0.55683229 | I4: -0.44316771 | J4: -0.11366458 | K4: =IF(ABS(D4-30)<ABS(E4-30), F4, G4) -> 219.8 | L4: =K4 - K3 -> 104.3 | M4: =J3 * (B4 - B3) -> -2.5788006 | N4: =L4 + M4 -> 101.7212 | O4: =O3 + N4 -> 74.235501
A5: 45664 | B5: 5909.03 | C5: 5910 | D5: 10 | E5: 45 | F5: 113.15 | G5: 235.5 | H5: 0.55067831 | I5: -0.44932169 | J5: -0.10135662 | K5: =IF(ABS(D5-30)<ABS(E5-30), F5, G5) -> 235.5 | L5: =K5 - K4 -> 15.7 | M5: =J4 * (B5 - B4) -> 7.5416446 | N5: =L5 + M5 -> 23.241645 | O5: =O4 + N5 -> 97.477146
A6: 45665 | B6: 5918.25 | C6: 5920 | D6: 9 | E6: 44 | F6: 105.65 | G6: 230.4 | H6: 0.54926438 | I6: -0.45073562 | J6: -0.098528762 | K6: =IF(ABS(D6-30)<ABS(E6-30), F6, G6) -> 230.4 | L6: =K6 - K5 -> -5.1 | M6: =J5 * (B6 - B5) -> -0.93450802 | N6: =L6 + M6 -> -6.034508 | O6: =O5 + N6 -> 91.442638
A7: 45667 | B7: 5827.04 | C7: 5825 | D7: 7 | E7: 42 | F7: 103.9 | G7: 243.15 | H7: 0.55014243 | I7: -0.44985757 | J7: -0.10028485 | K7: =IF(ABS(D7-30)<ABS(E7-30), F7, G7) -> 243.15 | L7: =K7 - K6 -> 12.75 | M7: =J6 * (B7 - B6) -> 8.9868084 | N7: =L7 + M7 -> 21.736808 | O7: =O6 + N7 -> 113.17945
A8: 45670 | B8: 5836.22 | C8: 5835 | D8: 4 | E8: 39 | F8: 94.3 | G8: 233.45 | H8: 0.54841763 | I8: -0.45158237 | J8: -0.096835266 | K8: =IF(ABS(D8-30)<ABS(E8-30), F8, G8) -> 233.45 | L8: =K8 - K7 -> -9.7 | M8: =J7 * (B8 - B7) -> -0.92061496 | N8: =L8 + M8 -> -10.620615 | O8: =O7 + N8 -> 102.55883
A9: 45671 | B9: 5842.91 | C9: 5845 | D9: 3 | E9: 38 | F9: 86.95 | G9: 227.45 | H9: 0.54345109 | I9: -0.45654891 | J9: -0.086902185 | K9: =IF(ABS(D9-30)<ABS(E9-30), F9, G9) -> 227.45 | L9: =K9 - K8 -> -6 | M9: =J8 * (B9 - B8) -> -0.64782793 | N9: =L9 + M9 -> -6.6478279 | O9: =O8 + N9 -> 95.911003
A10: 45672 | B10: 5949.91 | C10: 5950 | D10: 2 | E10: 37 | F10: 45.3 | G10: 193.65 | H10: 0.55033825 | I10: -0.44966175 | J10: -0.1006765 | K10: =IF(ABS(D10-30)<ABS(E10-30), F10, G10) -> 193.65 | L10: =K10 - K9 -> -33.8 | M10: =J9 * (B10 - B9) -> -9.2985338 | N10: =L10 + M10 -> -43.098534 | O10: =O9 + N10 -> 52.81247
A11: 45673 | B11: 5937.34 | C11: 5935 | D11: 1 | E11: 36 | F11: 25.2 | G11: 191.25 | H11: 0.55321747 | I11: -0.44678253 | J11: -0.10643494 | K11: =IF(ABS(D11-30)<ABS(E11-30), F11, G11) -> 191.25 | L11: =K11 - K10 -> -2.4 | M11: =J10 * (B11 - B10) -> 1.2655036 | N11: =L11 + M11 -> -1.1344964 | O11: =O10 + N11 -> 51.677973
A12: 45674 | B12: 5996.66 | C12: 5995 | D12: 35 | E12: 63 | F12: 186.8 | G12: 262.75 | H12: 0.55187532 | I12: -0.44812468 | J12: -0.10375065 | K12: =IF(ABS(D12-30)<ABS(E12-30), F12, G12) -> 186.8 | L12: =K12 - K11 -> -4.45 | M12: =J11 * (B12 - B11) -> -6.3137204 | N12: =L12 + M12 -> -10.76372 | O12: =O11 + N12 -> 40.914253
A13: 45678 | B13: 6049.24 | C13: 6050 | D13: 31 | E13: 59 | F13: 167.25 | G13: 243.3 | H13: 0.54820264 | I13: -0.45179736 | J13: -0.096405271 | K13: =IF(ABS(D13-30)<ABS(E13-30), F13, G13) -> 167.25 | L13: =K13 - K12 -> -19.55 | M13: =J12 * (B13 - B12) -> -5.4552089 | N13: =L13 + M13 -> -25.005209 | O13: =O12 + N13 -> 15.909044
A14: 45679 | B14: 6086.37 | C14: 6085 | D14: 30 | E14: 58 | F14: 161.4 | G14: 240.45 | H14: 0.55230753 | I14: -0.44769247 | J14: -0.10461507 | K14: =IF(ABS(D14-30)<ABS(E14-30), F14, G14) -> 161.4 | L14: =K14 - K13 -> -5.85 | M14: =J13 * (B14 - B13) -> -3.5795277 | N14: =L14 + M14 -> -9.4295277 | O14: =O13 + N14 -> 6.4795161
... A251: 46022 | B251: 6845.5 | C251: 6845 | D251: 16 | E251: 51 | F251: 130.5 | G251: 263.1 | H251: 0.5320114 | I251: -0.4679886 | J251: -0.064022796 | K251: =IF(ABS(D251-30)<ABS(E251-30), F251, G251) -> 130.5 | L251: =K251 - K250 -> 3.15 | M251: =J250 * (B251 - B250) -> 3.6772235 | N251: =L251 + M251 -> 6.8272235 | O251: =O250 + N251 -> -57.631454
